SUPERBLOCK,1024,1000,1024,128,8192,1000,11
GROUP,0,1024,1000,690,751,3,4,5
BFREE,231
BFREE,232
BFREE,233
BFREE,234
BFREE,235
BFREE,236
BFREE,237
BFREE,238
BFREE,239
BFREE,240
BFREE,241
BFREE,242
BFREE,243
BFREE,244
BFREE,245
BFREE,246
BFREE,247
BFREE,248
BFREE,249
BFREE,250
BFREE,251
BFREE,252
BFREE,253
BFREE,254
BFREE,255
BFREE,256
BFREE,257
BFREE,258
BFREE,259
BFREE,260
BFREE,261
BFREE,262
BFREE,263
BFREE,264
BFREE,265
BFREE,266
BFREE,267
BFREE,268
BFREE,269
BFREE,270
BFREE,271
BFREE,272
BFREE,273
BFREE,274
BFREE,275
BFREE,276
BFREE,277
BFREE,278
BFREE,279
BFREE,280
BFREE,281
BFREE,282
BFREE,283
BFREE,284
BFREE,285
BFREE,286
BFREE,287
BFREE,288
BFREE,289
BFREE,290
BFREE,291
BFREE,292
BFREE,293
BFREE,294
BFREE,295
BFREE,296
BFREE,297
BFREE,298
BFREE,299
BFREE,300
BFREE,301
BFREE,302
BFREE,303
BFREE,304
BFREE,305
BFREE,306
BFREE,307
BFREE,308
BFREE,309
BFREE,310
BFREE,311
BFREE,312
BFREE,313
BFREE,314
BFREE,315
BFREE,316
BFREE,317
BFREE,318
BFREE,319
BFREE,320
BFREE,321
BFREE,322
BFREE,323
BFREE,324
BFREE,325
BFREE,326
BFREE,327
BFREE,328
BFREE,329
BFREE,330
BFREE,331
BFREE,332
BFREE,333
BFREE,334
BFREE,335
BFREE,336
BFREE,337
BFREE,338
BFREE,339
BFREE,340
BFREE,341
BFREE,342
BFREE,343
BFREE,344
BFREE,345
BFREE,346
BFREE,347
BFREE,348
BFREE,349
BFREE,350
BFREE,351
BFREE,352
BFREE,353
BFREE,354
BFREE,355
BFREE,356
BFREE,357
BFREE,358
BFREE,359
BFREE,360
BFREE,361
BFREE,362
BFREE,363
BFREE,364
BFREE,365
BFREE,366
BFREE,367
BFREE,368
BFREE,369
BFREE,370
BFREE,371
BFREE,372
BFREE,373
BFREE,374
BFREE,375
BFREE,376
BFREE,377
BFREE,378
BFREE,379
BFREE,380
BFREE,381
BFREE,382
BFREE,383
BFREE,384
BFREE,385
BFREE,386
BFREE,387
BFREE,388
BFREE,389
BFREE,390
BFREE,391
BFREE,392
BFREE,393
BFREE,394
BFREE,395
BFREE,396
BFREE,397
BFREE,398
BFREE,399
BFREE,400
BFREE,401
BFREE,402
BFREE,403
BFREE,404
BFREE,405
BFREE,406
BFREE,407
BFREE,408
BFREE,409
BFREE,410
BFREE,411
BFREE,412
BFREE,413
BFREE,414
BFREE,415
BFREE,416
BFREE,417
BFREE,418
BFREE,419
BFREE,420
BFREE,421
BFREE,422
BFREE,423
BFREE,424
BFREE,425
BFREE,426
BFREE,427
BFREE,428
BFREE,429
BFREE,430
BFREE,431
BFREE,432
BFREE,433
BFREE,434
BFREE,435
BFREE,436
BFREE,437
BFREE,438
BFREE,439
BFREE,440
BFREE,441
BFREE,442
BFREE,443
BFREE,444
BFREE,445
BFREE,446
BFREE,447
BFREE,448
BFREE,449
BFREE,450
BFREE,451
BFREE,452
BFREE,453
BFREE,454
BFREE,455
BFREE,456
BFREE,457
BFREE,458
BFREE,459
BFREE,460
BFREE,461
BFREE,462
BFREE,463
BFREE,464
BFREE,465
BFREE,466
BFREE,467
BFREE,468
BFREE,469
BFREE,470
BFREE,471
BFREE,472
BFREE,473
BFREE,474
BFREE,475
BFREE,476
BFREE,477
BFREE,478
BFREE,479
BFREE,480
BFREE,481
BFREE,482
BFREE,483
BFREE,484
BFREE,485
BFREE,486
BFREE,487
BFREE,488
BFREE,489
BFREE,490
BFREE,491
BFREE,492
BFREE,493
BFREE,494
BFREE,495
BFREE,496
BFREE,497
BFREE,498
BFREE,499
BFREE,500
BFREE,501
BFREE,502
BFREE,503
BFREE,504
BFREE,505
BFREE,506
BFREE,507
BFREE,508
BFREE,509
BFREE,510
BFREE,511
BFREE,512
BFREE,513
BFREE,514
BFREE,515
BFREE,516
BFREE,517
BFREE,518
BFREE,519
BFREE,520
BFREE,521
BFREE,522
BFREE,523
BFREE,524
BFREE,525
BFREE,526
BFREE,527
BFREE,528
BFREE,529
BFREE,530
BFREE,531
BFREE,532
BFREE,533
BFREE,534
BFREE,535
BFREE,536
BFREE,537
BFREE,538
BFREE,539
BFREE,540
BFREE,541
BFREE,542
BFREE,543
BFREE,544
BFREE,545
BFREE,546
BFREE,547
BFREE,548
BFREE,549
BFREE,550
BFREE,551
BFREE,552
BFREE,553
BFREE,554
BFREE,555
BFREE,556
BFREE,557
BFREE,558
BFREE,559
BFREE,560
BFREE,561
BFREE,562
BFREE,563
BFREE,564
BFREE,565
BFREE,566
BFREE,567
BFREE,568
BFREE,569
BFREE,570
BFREE,571
BFREE,572
BFREE,573
BFREE,574
BFREE,575
BFREE,576
BFREE,577
BFREE,578
BFREE,579
BFREE,580
BFREE,581
BFREE,582
BFREE,583
BFREE,584
BFREE,585
BFREE,586
BFREE,587
BFREE,588
BFREE,589
BFREE,590
BFREE,591
BFREE,592
BFREE,593
BFREE,594
BFREE,595
BFREE,596
BFREE,597
BFREE,598
BFREE,599
BFREE,600
BFREE,601
BFREE,602
BFREE,603
BFREE,604
BFREE,605
BFREE,606
BFREE,607
BFREE,608
BFREE,609
BFREE,610
BFREE,611
BFREE,612
BFREE,613
BFREE,614
BFREE,615
BFREE,616
BFREE,617
BFREE,618
BFREE,619
BFREE,620
BFREE,621
BFREE,622
BFREE,623
BFREE,624
BFREE,625
BFREE,626
BFREE,627
BFREE,628
BFREE,629
BFREE,630
BFREE,631
BFREE,632
BFREE,633
BFREE,634
BFREE,635
BFREE,636
BFREE,637
BFREE,638
BFREE,639
BFREE,640
BFREE,641
BFREE,642
BFREE,643
BFREE,644
BFREE,645
BFREE,646
BFREE,647
BFREE,648
BFREE,649
BFREE,650
BFREE,651
BFREE,652
BFREE,653
BFREE,654
BFREE,655
BFREE,656
BFREE,673
BFREE,674
BFREE,675
BFREE,676
BFREE,677
BFREE,678
BFREE,679
BFREE,680
BFREE,681
BFREE,682
BFREE,683
BFREE,684
BFREE,685
BFREE,686
BFREE,687
BFREE,688
BFREE,689
BFREE,690
BFREE,691
BFREE,692
BFREE,693
BFREE,694
BFREE,695
BFREE,696
BFREE,697
BFREE,698
BFREE,699
BFREE,700
BFREE,701
BFREE,702
BFREE,703
BFREE,704
BFREE,721
BFREE,722
BFREE,723
BFREE,724
BFREE,725
BFREE,726
BFREE,727
BFREE,728
BFREE,729
BFREE,730
BFREE,731
BFREE,732
BFREE,733
BFREE,734
BFREE,735
BFREE,736
BFREE,737
BFREE,738
BFREE,739
BFREE,740
BFREE,741
BFREE,742
BFREE,743
BFREE,744
BFREE,745
BFREE,746
BFREE,747
BFREE,748
BFREE,749
BFREE,750
BFREE,751
BFREE,752
BFREE,753
BFREE,754
BFREE,755
BFREE,756
BFREE,757
BFREE,758
BFREE,759
BFREE,760
BFREE,761
BFREE,762
BFREE,763
BFREE,764
BFREE,765
BFREE,766
BFREE,767
BFREE,768
BFREE,769
BFREE,770
BFREE,771
BFREE,772
BFREE,773
BFREE,774
BFREE,775
BFREE,776
BFREE,777
BFREE,778
BFREE,779
BFREE,780
BFREE,781
BFREE,782
BFREE,783
BFREE,784
BFREE,785
BFREE,786
BFREE,787
BFREE,788
BFREE,789
BFREE,790
BFREE,791
BFREE,792
BFREE,793
BFREE,794
BFREE,795
BFREE,796
BFREE,797
BFREE,798
BFREE,799
BFREE,800
BFREE,801
BFREE,802
BFREE,803
BFREE,804
BFREE,805
BFREE,806
BFREE,807
BFREE,808
BFREE,817
BFREE,818
BFREE,819
BFREE,820
BFREE,821
BFREE,822
BFREE,823
BFREE,824
BFREE,825
BFREE,826
BFREE,827
BFREE,828
BFREE,829
BFREE,830
BFREE,831
BFREE,832
BFREE,833
BFREE,834
BFREE,835
BFREE,836
BFREE,837
BFREE,838
BFREE,839
BFREE,840
BFREE,841
BFREE,842
BFREE,843
BFREE,844
BFREE,845
BFREE,846
BFREE,847
BFREE,848
BFREE,881
BFREE,882
BFREE,883
BFREE,884
BFREE,885
BFREE,886
BFREE,887
BFREE,888
BFREE,889
BFREE,890
BFREE,891
BFREE,892
BFREE,893
BFREE,894
BFREE,895
BFREE,896
BFREE,913
BFREE,914
BFREE,915
BFREE,916
BFREE,917
BFREE,918
BFREE,919
BFREE,920
BFREE,929
BFREE,930
BFREE,931
BFREE,932
BFREE,933
BFREE,934
BFREE,935
BFREE,936
BFREE,937
BFREE,938
BFREE,939
BFREE,940
BFREE,941
BFREE,942
BFREE,943
BFREE,944
BFREE,945
BFREE,946
BFREE,947
BFREE,948
BFREE,949
BFREE,950
BFREE,951
BFREE,952
BFREE,953
BFREE,954
BFREE,955
BFREE,956
BFREE,957
BFREE,958
BFREE,959
BFREE,960
BFREE,961
BFREE,962
BFREE,963
BFREE,964
BFREE,965
BFREE,966
BFREE,967
BFREE,968
BFREE,969
BFREE,970
BFREE,971
BFREE,972
BFREE,973
BFREE,974
BFREE,975
BFREE,976
BFREE,977
BFREE,978
BFREE,979
BFREE,980
BFREE,981
BFREE,982
BFREE,983
BFREE,984
BFREE,985
BFREE,986
BFREE,987
BFREE,988
BFREE,989
BFREE,990
BFREE,991
BFREE,992
BFREE,993
BFREE,994
BFREE,995
BFREE,996
BFREE,997
BFREE,998
BFREE,999
BFREE,1000
BFREE,1001
BFREE,1002
BFREE,1004
BFREE,1005
BFREE,1006
BFREE,1007
BFREE,1008
BFREE,1009
BFREE,1010
BFREE,1011
BFREE,1012
BFREE,1013
BFREE,1014
BFREE,1015
BFREE,1021
BFREE,1022
IFREE,143
IFREE,251
IFREE,252
IFREE,253
IFREE,254
IFREE,255
IFREE,256
IFREE,257
IFREE,258
IFREE,259
IFREE,260
IFREE,261
IFREE,262
IFREE,263
IFREE,264
IFREE,265
IFREE,266
IFREE,267
IFREE,268
IFREE,269
IFREE,270
IFREE,271
IFREE,272
IFREE,273
IFREE,274
IFREE,275
IFREE,276
IFREE,277
IFREE,278
IFREE,279
IFREE,280
IFREE,281
IFREE,282
IFREE,283
IFREE,284
IFREE,285
IFREE,286
IFREE,287
IFREE,288
IFREE,289
IFREE,290
IFREE,291
IFREE,292
IFREE,293
IFREE,294
IFREE,295
IFREE,296
IFREE,297
IFREE,298
IFREE,299
IFREE,300
IFREE,301
IFREE,302
IFREE,303
IFREE,304
IFREE,305
IFREE,306
IFREE,307
IFREE,308
IFREE,309
IFREE,310
IFREE,311
IFREE,312
IFREE,313
IFREE,314
IFREE,315
IFREE,316
IFREE,317
IFREE,318
IFREE,319
IFREE,320
IFREE,321
IFREE,322
IFREE,323
IFREE,324
IFREE,325
IFREE,326
IFREE,327
IFREE,328
IFREE,329
IFREE,330
IFREE,331
IFREE,332
IFREE,333
IFREE,334
IFREE,335
IFREE,336
IFREE,337
IFREE,338
IFREE,339
IFREE,340
IFREE,341
IFREE,342
IFREE,343
IFREE,344
IFREE,345
IFREE,346
IFREE,347
IFREE,348
IFREE,349
IFREE,350
IFREE,351
IFREE,352
IFREE,353
IFREE,354
IFREE,355
IFREE,356
IFREE,357
IFREE,358
IFREE,359
IFREE,360
IFREE,361
IFREE,362
IFREE,363
IFREE,364
IFREE,365
IFREE,366
IFREE,367
IFREE,368
IFREE,369
IFREE,370
IFREE,371
IFREE,372
IFREE,373
IFREE,374
IFREE,375
IFREE,376
IFREE,377
IFREE,378
IFREE,379
IFREE,380
IFREE,381
IFREE,382
IFREE,383
IFREE,384
IFREE,385
IFREE,386
IFREE,387
IFREE,388
IFREE,389
IFREE,390
IFREE,391
IFREE,392
IFREE,393
IFREE,394
IFREE,395
IFREE,396
IFREE,397
IFREE,398
IFREE,399
IFREE,400
IFREE,401
IFREE,402
IFREE,403
IFREE,404
IFREE,405
IFREE,406
IFREE,407
IFREE,408
IFREE,409
IFREE,410
IFREE,411
IFREE,412
IFREE,413
IFREE,414
IFREE,415
IFREE,416
IFREE,417
IFREE,418
IFREE,419
IFREE,420
IFREE,421
IFREE,422
IFREE,423
IFREE,424
IFREE,425
IFREE,426
IFREE,427
IFREE,428
IFREE,429
IFREE,430
IFREE,431
IFREE,432
IFREE,433
IFREE,434
IFREE,435
IFREE,436
IFREE,437
IFREE,438
IFREE,439
IFREE,440
IFREE,441
IFREE,442
IFREE,443
IFREE,444
IFREE,445
IFREE,446
IFREE,447
IFREE,448
IFREE,449
IFREE,450
IFREE,451
IFREE,452
IFREE,453
IFREE,454
IFREE,455
IFREE,456
IFREE,457
IFREE,458
IFREE,459
IFREE,460
IFREE,461
IFREE,462
IFREE,463
IFREE,464
IFREE,465
IFREE,466
IFREE,467
IFREE,468
IFREE,469
IFREE,470
IFREE,471
IFREE,472
IFREE,473
IFREE,474
IFREE,475
IFREE,476
IFREE,477
IFREE,478
IFREE,479
IFREE,480
IFREE,481
IFREE,482
IFREE,483
IFREE,484
IFREE,485
IFREE,486
IFREE,487
IFREE,488
IFREE,489
IFREE,490
IFREE,491
IFREE,492
IFREE,493
IFREE,494
IFREE,495
IFREE,496
IFREE,497
IFREE,498
IFREE,499
IFREE,500
IFREE,501
IFREE,502
IFREE,503
IFREE,504
IFREE,505
IFREE,506
IFREE,507
IFREE,508
IFREE,509
IFREE,510
IFREE,511
IFREE,512
IFREE,513
IFREE,514
IFREE,515
IFREE,516
IFREE,517
IFREE,518
IFREE,519
IFREE,520
IFREE,521
IFREE,522
IFREE,523
IFREE,524
IFREE,525
IFREE,526
IFREE,527
IFREE,528
IFREE,529
IFREE,530
IFREE,531
IFREE,532
IFREE,533
IFREE,534
IFREE,535
IFREE,536
IFREE,537
IFREE,538
IFREE,539
IFREE,540
IFREE,541
IFREE,542
IFREE,543
IFREE,544
IFREE,545
IFREE,546
IFREE,547
IFREE,548
IFREE,549
IFREE,550
IFREE,551
IFREE,552
IFREE,553
IFREE,554
IFREE,555
IFREE,556
IFREE,557
IFREE,558
IFREE,559
IFREE,560
IFREE,561
IFREE,562
IFREE,563
IFREE,564
IFREE,565
IFREE,566
IFREE,567
IFREE,568
IFREE,569
IFREE,570
IFREE,571
IFREE,572
IFREE,573
IFREE,574
IFREE,575
IFREE,576
IFREE,577
IFREE,578
IFREE,579
IFREE,580
IFREE,581
IFREE,582
IFREE,583
IFREE,584
IFREE,585
IFREE,586
IFREE,587
IFREE,588
IFREE,589
IFREE,590
IFREE,591
IFREE,592
IFREE,593
IFREE,594
IFREE,595
IFREE,596
IFREE,597
IFREE,598
IFREE,599
IFREE,600
IFREE,601
IFREE,602
IFREE,603
IFREE,604
IFREE,605
IFREE,606
IFREE,607
IFREE,608
IFREE,609
IFREE,610
IFREE,611
IFREE,612
IFREE,613
IFREE,614
IFREE,615
IFREE,616
IFREE,617
IFREE,618
IFREE,619
IFREE,620
IFREE,621
IFREE,622
IFREE,623
IFREE,624
IFREE,625
IFREE,626
IFREE,627
IFREE,628
IFREE,629
IFREE,630
IFREE,631
IFREE,632
IFREE,633
IFREE,634
IFREE,635
IFREE,636
IFREE,637
IFREE,638
IFREE,639
IFREE,640
IFREE,641
IFREE,642
IFREE,643
IFREE,644
IFREE,645
IFREE,646
IFREE,647
IFREE,648
IFREE,649
IFREE,650
IFREE,651
IFREE,652
IFREE,653
IFREE,654
IFREE,655
IFREE,656
IFREE,657
IFREE,658
IFREE,659
IFREE,660
IFREE,661
IFREE,662
IFREE,663
IFREE,664
IFREE,665
IFREE,666
IFREE,667
IFREE,668
IFREE,669
IFREE,670
IFREE,671
IFREE,672
IFREE,673
IFREE,674
IFREE,675
IFREE,676
IFREE,677
IFREE,678
IFREE,679
IFREE,680
IFREE,681
IFREE,682
IFREE,683
IFREE,684
IFREE,685
IFREE,686
IFREE,687
IFREE,688
IFREE,689
IFREE,690
IFREE,691
IFREE,692
IFREE,693
IFREE,694
IFREE,695
IFREE,696
IFREE,697
IFREE,698
IFREE,699
IFREE,700
IFREE,701
IFREE,702
IFREE,703
IFREE,704
IFREE,705
IFREE,706
IFREE,707
IFREE,708
IFREE,709
IFREE,710
IFREE,711
IFREE,712
IFREE,713
IFREE,714
IFREE,715
IFREE,716
IFREE,717
IFREE,718
IFREE,719
IFREE,720
IFREE,721
IFREE,722
IFREE,723
IFREE,724
IFREE,725
IFREE,726
IFREE,727
IFREE,728
IFREE,729
IFREE,730
IFREE,731
IFREE,732
IFREE,733
IFREE,734
IFREE,735
IFREE,736
IFREE,737
IFREE,738
IFREE,739
IFREE,740
IFREE,741
IFREE,742
IFREE,743
IFREE,744
IFREE,745
IFREE,746
IFREE,747
IFREE,748
IFREE,749
IFREE,750
IFREE,751
IFREE,752
IFREE,753
IFREE,754
IFREE,755
IFREE,756
IFREE,757
IFREE,758
IFREE,759
IFREE,760
IFREE,761
IFREE,762
IFREE,763
IFREE,764
IFREE,765
IFREE,766
IFREE,767
IFREE,768
IFREE,769
IFREE,770
IFREE,771
IFREE,772
IFREE,773
IFREE,774
IFREE,775
IFREE,776
IFREE,777
IFREE,778
IFREE,779
IFREE,780
IFREE,781
IFREE,782
IFREE,783
IFREE,784
IFREE,785
IFREE,786
IFREE,787
IFREE,788
IFREE,789
IFREE,790
IFREE,791
IFREE,792
IFREE,793
IFREE,794
IFREE,795
IFREE,796
IFREE,797
IFREE,798
IFREE,799
IFREE,800
IFREE,801
IFREE,802
IFREE,803
IFREE,804
IFREE,805
IFREE,806
IFREE,807
IFREE,808
IFREE,809
IFREE,810
IFREE,811
IFREE,812
IFREE,813
IFREE,814
IFREE,815
IFREE,816
IFREE,817
IFREE,818
IFREE,819
IFREE,820
IFREE,821
IFREE,822
IFREE,823
IFREE,824
IFREE,825
IFREE,826
IFREE,827
IFREE,828
IFREE,829
IFREE,830
IFREE,831
IFREE,832
IFREE,833
IFREE,834
IFREE,835
IFREE,836
IFREE,837
IFREE,838
IFREE,839
IFREE,840
IFREE,841
IFREE,842
IFREE,843
IFREE,844
IFREE,845
IFREE,846
IFREE,847
IFREE,848
IFREE,849
IFREE,850
IFREE,851
IFREE,852
IFREE,853
IFREE,854
IFREE,855
IFREE,856
IFREE,857
IFREE,858
IFREE,859
IFREE,860
IFREE,861
IFREE,862
IFREE,863
IFREE,864
IFREE,865
IFREE,866
IFREE,867
IFREE,868
IFREE,869
IFREE,870
IFREE,871
IFREE,872
IFREE,873
IFREE,874
IFREE,875
IFREE,876
IFREE,877
IFREE,878
IFREE,879
IFREE,880
IFREE,881
IFREE,882
IFREE,883
IFREE,884
IFREE,885
IFREE,886
IFREE,887
IFREE,888
IFREE,889
IFREE,890
IFREE,891
IFREE,892
IFREE,893
IFREE,894
IFREE,895
IFREE,896
IFREE,897
IFREE,898
IFREE,899
IFREE,900
IFREE,901
IFREE,902
IFREE,903
IFREE,904
IFREE,905
IFREE,906
IFREE,907
IFREE,908
IFREE,909
IFREE,910
IFREE,911
IFREE,912
IFREE,913
IFREE,914
IFREE,915
IFREE,916
IFREE,917
IFREE,918
IFREE,919
IFREE,920
IFREE,921
IFREE,922
IFREE,923
IFREE,924
IFREE,925
IFREE,926
IFREE,927
IFREE,928
IFREE,929
IFREE,930
IFREE,931
IFREE,932
IFREE,933
IFREE,934
IFREE,935
IFREE,936
IFREE,937
IFREE,938
IFREE,939
IFREE,940
IFREE,941
IFREE,942
IFREE,943
IFREE,944
IFREE,945
IFREE,946
IFREE,947
IFREE,948
IFREE,949
IFREE,950
IFREE,951
IFREE,952
IFREE,953
IFREE,954
IFREE,955
IFREE,956
IFREE,957
IFREE,958
IFREE,959
IFREE,960
IFREE,961
IFREE,962
IFREE,963
IFREE,964
IFREE,965
IFREE,966
IFREE,967
IFREE,968
IFREE,969
IFREE,970
IFREE,971
IFREE,972
IFREE,973
IFREE,974
IFREE,975
IFREE,976
IFREE,977
IFREE,978
IFREE,979
IFREE,980
IFREE,981
IFREE,982
IFREE,983
IFREE,984
IFREE,985
IFREE,986
IFREE,987
IFREE,988
IFREE,989
IFREE,990
IFREE,991
IFREE,992
IFREE,993
IFREE,994
IFREE,995
IFREE,996
IFREE,997
IFREE,998
IFREE,999
IFREE,1000
INODE,2,d,755,1000,0,4,11/16/17 06:25:39,11/16/17 06:25:39,11/16/17 06:25:39,1024,2,130,0,0,0,0,0,0,0,0,0,0,0,0,0,0
DIRENT,2,0,2,12,1,'.'
DIRENT,2,12,2,12,2,'..'
DIRENT,2,24,11,20,10,'lost+found'
DIRENT,2,44,12,980,5,'DIR_1'
INODE,11,d,700,1000,0,2,11/16/17 06:25:39,11/16/17 06:25:39,11/16/17 06:25:39,12288,24,131,132,133,134,135,136,137,138,139,140,141,142,0,0,0
DIRENT,11,0,11,12,1,'.'
DIRENT,11,12,2,1012,2,'..'
INODE,12,d,775,1000,1000,6,11/16/17 06:25:40,11/16/17 06:25:40,11/16/17 06:25:39,1024,2,143,0,0,0,0,0,0,0,0,0,0,0,0,0,0
DIRENT,12,0,12,12,1,'.'
DIRENT,12,12,2,12,2,'..'
DIRENT,12,24,13,16,5,'DIR_2'
DIRENT,12,40,28,16,6,'DIR_16'
DIRENT,12,56,103,16,6,'DIR_94'
DIRENT,12,72,175,952,7,'DIR_167'
INODE,13,d,775,1000,1000,5,11/16/17 06:25:39,11/16/17 06:25:39,11/16/17 06:25:39,1024,2,144,0,0,0,0,0,0,0,0,0,0,0,0,0,0
DIRENT,13,0,13,12,1,'.'
DIRENT,13,12,12,12,2,'..'
DIRENT,13,24,14,28,20,'DIR_Icm65J0VIwnDfoXD'
DIRENT,13,52,18,16,5,'DIR_6'
DIRENT,13,68,20,956,16,']|W9pOUKMSxO.kdU'
INODE,14,d,775,1000,1000,2,11/16/17 06:25:39,11/16/17 06:25:39,11/16/17 06:25:39,1024,2,1017,0,0,0,0,0,0,0,0,0,0,0,0,0,0
DIRENT,14,0,14,12,1,'.'
DIRENT,14,12,13,12,2,'..'
DIRENT,14,24,15,16,6,'FILE_3'
DIRENT,14,40,16,16,6,'FILE_4'
DIRENT,14,56,17,968,6,'FILE_5'
INODE,15,f,664,1000,1000,1,11/16/17 06:25:39,11/16/17 06:25:39,11/16/17 06:25:39,0,0,0,0,0,0,0,0,0,0,0,0,0,0,0,0,0
INODE,16,f,664,1000,1000,1,11/16/17 06:25:39,11/16/17 06:25:39,11/16/17 06:25:39,0,0,0,0,0,0,0,0,0,0,0,0,0,0,0,0,0
INODE,17,f,664,1000,1000,1,11/16/17 06:25:39,11/16/17 06:25:39,11/16/17 06:25:39,6144,12,145,146,147,148,149,150,0,0,0,0,0,0,0,0,0
INODE,18,d,775,1000,1000,2,11/16/17 06:25:39,11/16/17 06:25:39,11/16/17 06:25:39,1024,2,1018,0,0,0,0,0,0,0,0,0,0,0,0,0,0
DIRENT,18,0,18,12,1,'.'
DIRENT,18,12,13,12,2,'..'
DIRENT,18,24,19,32,6,'FILE_7'
DIRENT,18,56,21,968,6,'FILE_9'
INODE,19,f,664,1000,1000,1,11/16/17 06:25:39,11/16/17 06:25:39,11/16/17 06:25:39,0,0,0,0,0,0,0,0,0,0,0,0,0,0,0,0,0
INODE,20,d,775,1000,1000,2,11/16/17 06:25:39,11/16/17 06:25:39,11/16/17 06:25:39,1024,2,1023,0,0,0,0,0,0,0,0,0,0,0,0,0,0
DIRENT,20,0,20,12,1,'.'
DIRENT,20,12,13,12,2,'..'
DIRENT,20,24,22,16,7,'FILE_10'
DIRENT,20,40,22,24,14,'LINK_R8H38wAK-'
DIRENT,20,64,23,16,7,'FILE_11'
DIRENT,20,80,24,16,7,'FILE_12'
DIRENT,20,96,25,16,7,'FILE_13'
DIRENT,20,112,26,16,7,'FILE_14'
DIRENT,20,128,27,896,7,'FILE_15'
INODE,21,f,664,1000,1000,1,11/16/17 06:25:39,11/16/17 06:25:39,11/16/17 06:25:39,7168,14,151,152,153,154,155,156,157,0,0,0,0,0,0,0,0
INODE,22,f,664,1000,1000,2,11/16/17 06:25:39,11/16/17 06:25:39,11/16/17 06:25:39,422912,10,0,0,0,0,0,0,0,0,0,0,0,0,710,1019,0
INDIRECT,22,1,156,710,868
INDIRECT,22,2,268,1019,1021
INDIRECT,22,1,412,1020,710
INODE,23,f,664,1000,1000,1,11/16/17 06:25:39,11/16/17 06:25:39,11/16/17 06:25:39,0,0,0,0,0,0,0,0,0,0,0,0,0,0,0,0,0
INODE,24,f,664,1000,1000,1,11/16/17 06:25:39,11/16/17 06:25:39,11/16/17 06:25:39,0,0,0,0,0,0,0,0,0,0,0,0,0,0,0,0,0
INODE,25,f,664,1000,1000,1,11/16/17 06:25:39,11/16/17 06:25:39,11/16/17 06:25:39,0,0,0,0,0,0,0,0,0,0,0,0,0,0,0,0,0
INODE,26,f,664,1000,1000,1,11/16/17 06:25:39,11/16/17 06:25:39,11/16/17 06:25:39,0,0,0,0,0,0,0,0,0,0,0,0,0,0,0,0,0
INODE,27,f,664,1000,1000,1,11/16/17 06:25:39,11/16/17 06:25:39,11/16/17 06:25:39,0,0,0,0,0,0,0,0,0,0,0,0,0,0,0,0,0
INODE,28,d,775,1000,1000,7,11/16/17 06:25:39,11/16/17 06:25:39,11/16/17 06:25:39,1024,2,868,0,0,0,0,0,0,0,0,0,0,0,0,0,0
DIRENT,28,0,28,12,1,'.'
DIRENT,28,12,12,12,2,'..'
DIRENT,28,24,29,16,6,'DIR_17'
DIRENT,28,40,31,16,6,'DIR_22'
DIRENT,28,56,41,16,7,'DIR_PB.'
DIRENT,28,72,45,16,6,'DIR_31'
DIRENT,28,88,65,936,6,'DIR_90'
INODE,29,d,775,1000,1000,2,11/16/17 06:25:39,11/16/17 06:25:39,11/16/17 06:25:39,1024,2,711,0,0,0,0,0,0,0,0,0,0,0,0,0,0
DIRENT,29,0,29,12,1,'.'
DIRENT,29,12,28,12,2,'..'
DIRENT,29,24,30,32,7,'FILE_18'
DIRENT,29,56,32,28,20,'FILE_ieE8dmwEGjMkBsf'
DIRENT,29,84,33,16,7,'FILE_20'
DIRENT,29,100,34,924,7,'FILE_21'
INODE,30,f,664,1000,1000,1,11/16/17 06:25:39,11/16/17 06:25:39,11/16/17 06:25:39,4096,8,158,159,160,161,0,0,0,0,0,0,0,0,0,0,0
INODE,31,d,775,1000,1000,2,11/16/17 06:25:39,11/16/17 06:25:39,11/16/17 06:25:39,1024,2,859,0,0,0,0,0,0,0,0,0,0,0,0,0,0
DIRENT,31,0,31,12,1,'.'
DIRENT,31,12,28,12,2,'..'
DIRENT,31,24,35,16,7,'FILE_23'
DIRENT,31,40,36,16,7,'FILE_24'
DIRENT,31,56,37,16,7,'FILE_25'
DIRENT,31,72,38,16,7,'FILE_26'
DIRENT,31,88,39,16,7,'FILE_27'
DIRENT,31,104,40,920,7,'FILE_28'
INODE,32,f,664,1000,1000,1,11/16/17 06:25:39,11/16/17 06:25:39,11/16/17 06:25:39,151552,4,0,0,0,0,0,0,0,0,0,0,0,0,712,0,0
INDIRECT,32,1,147,712,861
INODE,33,f,664,1000,1000,1,11/16/17 06:25:39,11/16/17 06:25:39,11/16/17 06:25:39,0,0,0,0,0,0,0,0,0,0,0,0,0,0,0,0,0
INODE,34,f,664,1000,1000,1,11/16/17 06:25:39,11/16/17 06:25:39,11/16/17 06:25:39,7168,14,162,163,164,165,166,167,168,0,0,0,0,0,0,0,0
INODE,35,f,664,1000,1000,1,11/16/17 06:25:39,11/16/17 06:25:39,11/16/17 06:25:39,0,0,0,0,0,0,0,0,0,0,0,0,0,0,0,0,0
INODE,36,f,664,1000,1000,1,11/16/17 06:25:39,11/16/17 06:25:39,11/16/17 06:25:39,0,0,0,0,0,0,0,0,0,0,0,0,0,0,0,0,0
INODE,37,f,664,1000,1000,1,11/16/17 06:25:39,11/16/17 06:25:39,11/16/17 06:25:39,0,0,0,0,0,0,0,0,0,0,0,0,0,0,0,0,0
INODE,38,f,664,1000,1000,1,11/16/17 06:25:39,11/16/17 06:25:39,11/16/17 06:25:39,5120,10,169,170,171,172,173,0,0,0,0,0,0,0,0,0,0
INODE,39,f,664,1000,1000,1,11/16/17 06:25:39,11/16/17 06:25:39,11/16/17 06:25:39,0,0,0,0,0,0,0,0,0,0,0,0,0,0,0,0,0
INODE,40,f,664,1000,1000,1,11/16/17 06:25:39,11/16/17 06:25:39,11/16/17 06:25:39,6144,12,174,175,176,177,178,179,0,0,0,0,0,0,0,0,0
INODE,41,d,775,1000,1000,2,11/16/17 06:25:39,11/16/17 06:25:39,11/16/17 06:25:39,1024,2,857,0,0,0,0,0,0,0,0,0,0,0,0,0,0
DIRENT,41,0,41,12,1,'.'
DIRENT,41,12,28,12,2,'..'
DIRENT,41,24,42,16,7,'FILE_29'
DIRENT,41,40,43,24,15,'Ni!KP>M<)q!oL|$'
DIRENT,41,64,44,960,7,'FILE_30'
INODE,42,f,664,1000,1000,1,11/16/17 06:25:39,11/16/17 06:25:39,11/16/17 06:25:39,0,0,0,0,0,0,0,0,0,0,0,0,0,0,0,0,0
INODE,43,f,664,1000,1000,1,11/16/17 06:25:39,11/16/17 06:25:39,11/16/17 06:25:39,0,0,0,0,0,0,0,0,0,0,0,0,0,0,0,0,0
INODE,44,f,664,1000,1000,1,11/16/17 06:25:39,11/16/17 06:25:39,11/16/17 06:25:39,0,0,0,0,0,0,0,0,0,0,0,0,0,0,0,0,0
INODE,45,d,775,1000,1000,2,11/16/17 06:25:39,11/16/17 06:25:39,11/16/17 06:25:39,21504,44,858,865,866,705,706,707,708,861,862,863,864,869,870,0,0
DIRENT,45,0,45,12,1,'.'
DIRENT,45,12,28,1012,2,'..'
DIRENT,45,1024,47,236,225,'LONGNAME_32_6_4R.9zTZiGqa8YiuZa_d4OpZ_p9Zb13AyqVsTBvJnhom.mTm1ivQfQnZd-VeG5cFGOiKx5hhJibm_dJMVXUK2g-rUuTn26hHqsmho3ctDuw6n93Y20x1m8kewD1Neagy4TluX4cqgwV3jUU4QvanXZJkg_HS4vpdHrELGAZdcHx2DHcPdabdy5BxQdgLG52Yr8qV2qiQWoyDrX-UiW8P'
DIRENT,45,1260,79,236,225,'LONGNAME_65_MOOebwUCKjcYVdUxr6FwagM4U9FrbStCJl6Tpl7zXI9eYlO8D3k.I60Gl6hzsgddG1vtBI0TgbjZ-IzmftCu2AB6QLPR2gjgMgN.htvFeyKfl0ZvFlqQoG19drWYOCrB.VtcppOxVxqc_-s4pH3qyM4Gcm3eWVfGaKfEVEHH_LRO_R6dUn7vvHPLY0WWAgBfTnONY1Q5HIskRb2N8tFW7'
DIRENT,45,1496,86,552,225,'LONGNAME_72_LV3OJcgxrZfXt.JCDvdrk-STp2laNnnobgsY5ewrN1lHKxPsa4d7m7gi4kMIF-EhfhAdHcTmSckIj61b_Kr49JfpOH_6eE8YRmc9Wyp1FyRtmh1Z2KWdmyJixbXZW5rMD5cD0wLdTC3MCZdItjgINFmkLwgkWtmkI8f7V8pRYsu-45k5DKBnaFsnMJJJvHV51i2rorrM794LFZr.Cw2mP'
DIRENT,45,2048,49,472,225,'LONGNAME_35_6_ZM8M09s4q6lQ4hx5mXxTmvlj0z0owN3OJGVpoSj9cSuDxDCxet._2bJ1z0c4rb7zn-ivqJ3ModJDM_NeIl_bOf4_Bm841rrmE5C-JDKyplv.BscLFsu8QIUON0LQ--5DDXruorp_e.piaSMabasOx5.4F61_VRpcNqReKZaHtj_iZbIdtaMWWaGsi-aXaSLxwDVbobMKD9JQemxPE2d'
DIRENT,45,2520,69,552,225,'LONGNAME_55_8zrAHlht.Ha8z-ASBHEd47cdFJFxB70Id_dm1aIlNtjLkI0jS7JR7QGgTdRiofJGstcKzFG93lsuK4qB-zW8dTcleaOOkDiRdIfC4NCKa8zgNa8tdlTofRTPseVk_vE7xAOTQlml9NLwPkJrUHlKlmsjLs15ziQ5QXc5Yt9Mi_HawrkTn.tXdOz9u6ZJocZ_XpY1Wj-ZXJHp28F7VdHCP'
DIRENT,45,3072,51,236,225,'LONGNAME_37_vPSJjlruMiOGK2.y.qvRgyRmu7ZmHgbP-mIqxgou87m7BHcFrZx.bzQEFPSAOrKFZziq_sRajiMzYCU4oDLK-CPTEUQYkXA7Hy2.K1yfTagKN8s-DLQAEVoKuwr8VKH_Siehp2EZMmumGqOTzxg4kkOLWqxQhoIA_j.P.FW5j44_57v_lYFKiLKRxeY59daei6Rj.okYuqUnmyRgSHM0B'
DIRENT,45,3308,52,236,225,'LONGNAME_38_ZnjqBFBytfvaA0tuBuByG2nqnQcxHmyG_lzELi9mfUcUp.VRBeDHIYhyqZHHVrqfBNnkrwJUhwOQ.15hjVeOTKw5ri1I8_O9q-vqmlG1QhX87npKiTcS5iyxJoLU3hPzjT5zsz8YeG8o6_aiTg_5G92FYir96.8eU9Z-WXwsKyLQ2p9YEbS8uuPXKd5QKHmFInuZeS3BG_jQ64VK2vzoE'
DIRENT,45,3544,87,552,225,'LONGNAME_73_xvIMYus0ZxEbQM-M__dZQWxApnnPuXOsvBSplhTmzadFoyM8B3OpkxcanAoasblRlZSqTb-KAJZHZdNHmEb0EnDjCO1Yq8oemISQnO4Q7YGirOfFP47t8iLLl44RBhXzgvU5OrnY-iizamWvNK-hOG3tvlo.raIGYM9sKjnCoJ5JzDA3wGt1XK17-zbrvU0FCD67m7m0gweGDDiSISSuP'
DIRENT,45,4096,55,472,225,'LONGNAME_41_3ILIvbda91Rv67daUuBW0VW7G89WM3AtT7ZvrUYyQ8HhBkU_QLj63ZqSDC_MZctHO9V-13Yeg6WnQTgtZZJvap4yQl37AFFCF0S4uU0UV9qkXwh004_JbHGIGvK2quQGb-zo-jz8LoEHIapepO52iUEpAeaCl3MJsKq3PiGmBCoZKzOTqYSp48PK8tkGe5BNnzZ9gFtkxDbPALj-Maz.l'
DIRENT,45,4568,77,236,225,'LONGNAME_63_iZz32ZvCGG-bpLaoUqDO3iUtNF8xHErPz7XUUxmnB6n.dl2fzSZAdYYroL70uQYMAfUS1ypN-UJMzoYeqiNZ2hSIqGdeWc2Xfk-vImAI574DhZJ_Iof8LFSH67668lsiuj0AU3BwAbRjv8zdmU8IDOKKA2qmEDJShODag522UctZNEIj_p7pnGuGo1.iKuwDSPjYQ0JGmhroCznII4K75'
DIRENT,45,4804,90,316,225,'LONGNAME_76_.W8ZnbPThfkIKcAPYw8IfvZyzC1r7GcygXygI.Of5If6T3N_N16BaPwkEb_c6kB0DqrCy5dQpjS_A41sQSFKC5mI1VCnIdX8uD84V_eQEAgOGqRl6hZV5vcdx5UanWW5ezD7df1e5Q9oS05NdI8LS0QsIVXvu4G6K2M4D.apb4YK3uSVGfkQssAqEQ.c1xnIGT9wCHVlMsuGcFNRRyOXt'
DIRENT,45,5120,58,236,225,'LONGNAME_44_kMXzy1Iff6n2A2s9DjzPLb0T1eTF2M_DtXEMISI_FERQC2r5RZiQR_.spz5sEh480HgjprF8ZcykobiBnJJmx_svKiS-MhQjYg28LMF5f1VRqgzWTQ5q.8J7mSr6dTR.pP0zwDeMcUXsyL3L6mC7gD2CZAVwLA8BDp1JjGN7n9T9Z_WHOkS1-vKRxsATJJpaF0inivggCeTjPSZ--YVE4'
DIRENT,45,5356,56,236,225,'LONGNAME_42_Yg_884h0bIs6w9-sMjTKUqQoA8jXwFVu9BhqopCxGfjxEcDr5m_7G0rnsmOXJUwNhwac4LbAbcfMdpt7hidqFdUKi.gu1die-X0eAJap45apGRKaUPDWbRJdkmUZb1viRdRd1idXFFoClg38SCA4jOuQvxAPsEp7VhngCHPxlL656Lu6pPQsCfCG3aJv73PKGJgztHtXQ6vuHiuCDtEwL'
DIRENT,45,5592,64,236,225,'LONGNAME_50_lID80fBdOWuFifZAGpWLcJ2hLK9sk2yp2vMQm0wYtbC1wu4bpQR9VCuVDCt58Ri1xmTgBW6Af-mxISaXU-yjAoBK9PPAq5ua7GTEjBoCEG3G1Qv-TfDiXe8_PbXlPyfk_8oar4jeK9Af9ZgN99rnZUb39YbI8niYcPDtnzAF4ex10zp4-DpUOvVvHscxUHK7LcrcI_Z4oZ3bhsBOi4tKO'
DIRENT,45,5828,76,316,225,'LONGNAME_62_xOqfzor9YmEtOShtEE3AbE9jpSO4Oe1VSCcizwzGVz48DC2ZndUEdSVPNwD84ltsTDk5WeyVVo9tqgrudt37zTwVzw_kYOiWlx8653UTZyn2U4aDPWZhkxPbE3H4NR7wu1.xjvM7h1luoSOPeXMIuxo8CROI3iwqwST86wLo.8Z8QZWEUU3vBgBy-cYImIw.SRp93NgXgdB10dch0RKDs'
DIRENT,45,6144,60,236,225,'LONGNAME_46_yFN2cTxsPTx0Ph-fq3Ld_DFn4MqTD5JLhLOhva9cghw08Ikg7FXjNMYveBFmQZUChlA_9cf9izsoWhdPOLZ8fWOt.aaX.QDMnSVCeCmVRgnUPowkLTNGCBkLIU6daELmiEEyYaFLq-2iGA0KQUqPJyX75d7lzY5NlwY3.puFeQ2hdG3fKgQpNFa_CKwzknsV-8GHtb-8NG9weK9GiTIq1'
DIRENT,45,6380,57,236,225,'LONGNAME_43__peIwQnfOZSz3i0DM.N1SFIuXNXAZxbSl-H3J_74IFBg8lUVL-tw0_ys71f4rZBJcXLq8fgrAoqSt5RQeWH12SSefF69.P7rGqc4dIafg-sMfV.CheC7cj2Ji_gLH7XSKi2ls0vs6._5h7hrgBd9nptRdTXn82XhIQjJ3iTy58KA8h8XU1kciiKBk0gAcpmRAbOpOmB0EQBgP6v8AZbhn'
DIRENT,45,6616,95,236,225,'LONGNAME_81_3WSwdksjq_LLspcxyggF2elg347KZHwPbcN07NiyaGKhD_JkURNloNr.9BSh65G33MQVCRfPNGNoobxkLWUdP9JrozOtwTrXmc342bHy4ySR5yPJ9W5MthmJUKCk24eOdHH9sYnXvfrEYTYjVsaGInow9RJZvJizGAd32noXJ4G9x2-x5Tq.FmeIqlCwFy0pbXmS-SeFIDaqaC5fT9nXC'
DIRENT,45,6852,99,316,7,'LINK_88'
DIRENT,45,7168,63,236,225,'LONGNAME_49_IC2ZrfYpJOJ4HHpGd.uFs78e8pUQq.amDiunR9cl16P3bD0C-lC7lHkk.OHTs8HumYnXFrfBzs6_tTWkEgGKNP6shU1RHkHwB6kPdD6PWSQcZ3TfbdoRc35PXJwvh7Keo95WDru01gJoHmz-c1D2F0odDoA8PgdrxTeqq.CXAZFxaxhhXgPdJrpTmS7n2maHHcwUVGZpOFz8ux-8h_Tsb'
DIRENT,45,7404,62,788,225,'LONGNAME_48_2uI7w5IAJyLwhHrhld66m-YESKbgJvuOwadqegtEQ6yQa5yxjSCg4C_J1MM5jrPZkIJOuIme0neys5PYyRnAXMZnHUNNJAnWN5YmgzPKlNiek1WeUuyg9QPoWw9Cpw2.O7DwJaYd8nEnENNf_y8mmoZgV.bEWPkvt7d2AteIlFOI4NcXYe16FnRmNMutHVGLAjJVlOcf96tdDFMVC-CUO'
DIRENT,45,8192,46,1024,225,'LONGNAME_31_JS9d4UNYtAYyBVxQH5p11f90QmYixT80oP4Ic2OCxAVShTGLWuvRQbyYQsTMxTLrjebdPr-sEKvBbP3bcFZELtTLVnHUZx-7-9o7OBD.Bx42wBiaOcO5sMqS2mM9tv1Apck67OHTB6Ej9KFimdTo-oXHvYEcCYDjktFZlO0yvCWWg3xCXpiXCneZah6T4K-omgFPHlQ2OjLUMs-zLxTUr'
DIRENT,45,9216,53,236,225,'LONGNAME_39_0Mu3feNB-X4wTfp5cfLFN0R4q6MbaXPrsyzZHanifvB91y9N2N27ZaoxR2YdzrM9I1cuk14zuhU2syUTF.SHy0nug6eOv_P.NUI6Ksnr4_n4.e7C_TmBexAoKNUnbKSj7_bVHFJlWFzn87_y30I2-wDW_HaWG8kjgy8oEprjrn7F3hbnRLX.e9eP2qmearFkV8biarW4Y2OSLpKbdsAcI'
DIRENT,45,9452,50,788,225,'LONGNAME_36_e3e0qWEgfp-olsYFZWJwjIPKIv10EGBL200aBm-PyZYGGvTumKG45aW2KEJswMpjqLFZss4v7h_ZJwlhKht7RGWnrtbx4RDzvtxpBbzfJVACN1kNBSzn-5AcqXWKGiJMUq2HOX2fFNUKO0SX7mMPoA5-LFDMlc9dLAmtNbQQo-8V.eFIJa0SEOnSa4Y6_9B93-X8Kw-nSgm3.JzZARrMk'
DIRENT,45,10240,68,236,225,'LONGNAME_54_cka66GotehXf.0ZZNklR2bXNJKW1COreDJTIzJ65Z8YQvBuyb5BfGjPF-J0b0Pu1.9CHz8IgglhVIJ7pVfoeqm0btnlfag-7TZxo4sEiYREGKoYE6fYrO6ndmstnN_urXsyDdvstcKJLVXEaqaLmITociCixEKzXjZjhMS0o9wQvHc2G3EJ1SE1M5pFTOB5r6uW7OPUBePAawlNIPbaoV'
DIRENT,45,10476,66,788,225,'LONGNAME_52_Ybssp6TPHypW4CxZZgPhZZZkn02-whhUArbqEow6eTBAJkp9WrP-GiUzY33aJ9hXS4-v2ONRznLdtfIJVtwElthAdcIfThn38kUMCJfHVjgAxgW2BE9mntxLWSUdptWdjcuKwAX6JnV3SB-jQxN-9Uu3to5n8xkbp0k4Y0fujo3rDGQ9Jq0QD4w.riP5uROr.sC9FwODz37t6KVYROVYA'
DIRENT,45,11264,59,236,225,'LONGNAME_45_VSfC457.HZY19Bvk45B6TK0zgV0jNgJz_2fiHCO6Jkmz2Y41y0OXgpalK4gguHQPgiFn4C7NeGTTP14kOhbV8njU8qefcUbEzAwo_XiW9ikhgAS3vPQH0TplV4Vi-UKQ1igdjfzO1FPa2BBho40lJXL6TbVu5SH9BNEnTVrxqmru1DerkZYLNf2Ef1x2GJoHuey6qjsW09bZoaYJ5pG4K'
DIRENT,45,11500,48,16,7,'LINK_35'
DIRENT,45,11516,82,236,225,'LONGNAME_68__2tPj0iuV3dInLs7C3fP3lJ9oh5kXrApJYKwqDErR.C68nlyQFJ9369eJjJDfw7spx0vWwClGaxOyq9kpyPD0A9akLYHaMRJtMQuqFTYIK14YLXHXANHwvd5km9oNgvhSoDouyerRkApbIzpjXTzDXIkJECbpNUh7T4S-qAmvdUEPfme8Gl4WdwfY3ChgBPAz_df0Yqal7KNICaOvXq4T'
DIRENT,45,11752,92,536,225,'LONGNAME_78_TUBzCM8_r4nzwSWh.ib8SvcWC19JcDwb1KVAF_HLVZ._N6E1BwilrbBTSTssCXMNQRverOpeA0B_dtJEE1EMBRjGhQOy6GiEzrpl_Lii5VcpGhRasKcjP3MsnX4QPj2kpG1Caf_6Yk.QYW_PfHtKvEvqMb7tajr4pPO5UJ_AJ3rJ3gMRNi1RhRJFV2qbUkVldkGW3cy_4sxGWF2P_SQTV'
DIRENT,45,12288,78,1024,225,'LONGNAME_64_CRTHvO_088GBEhIVUNX8tT1g6l.GChzWbGI4uZ7DBtKg2eRAPt2EMPUWVB1beg1aup0V-rVJkaetOoDu.0CmO9flI-hAecvo21Klxo0djrc_AwlvWb9_jVlNul0HCTjbYoDYMl-XQwF0oGm8NOjn3MU2K8N9XWAZ7erclmOkxXVCwGr.P90_MjMHaNvv5PcWcNARnk_5nDhylPqdZ4veP'
INDIRECT,45,1,12,870,872
DIRENT,45,13312,72,236,225,'LONGNAME_58_8DHq_38VeeEa7vgoqN_QRO.2CiaNlVPCWricO..TL9d-Ti8SRJUnkVeQMDR_MjifSTaUUE-bYeE3k1gBuhAoN80Q2dWRaR9gO.humh66Vg7.JJ9VwwaOTn3BZ8vlyy-58EsfszD.-GY3jFGwCgWfAnXHXn.HrWfDvl5k.7xDHT4JCMfow0GvpbDGKc3CWIo_RlnCtrIoRAffdKZLRMCPT'
DIRENT,45,13548,81,788,225,'LONGNAME_67_THlnfcBNkQ4w_NjQP3M7eoHQ_k9bdoqZeHBReDry-42w2gk9E4Lyq5vbPvqaqnD.c6PN0mtgVj.d2VDY9N.JwUjdgYY3WtC5D9Pq7xC65TppNWuLkJ2KUUbKEHwfsJcywVQuhsY0x_1.bCfVU.kQnw._WlJH1IAs.7fkZM4Z0wCJw2cTZcnXEm2U94XN4YrOlj8tXv0WTpZBTwDwDSSyQ'
INDIRECT,45,1,13,870,873
DIRENT,45,14336,67,236,225,'LONGNAME_53_6KnPC6OfISUlZQXBtm7kIFs-BsH20g.BN3q_ECt1YCAAV6c2fpHkGYF3jlnuxC2.uSp6Wb._3Bvbe8zNw7UNku.djsRvOk-A1WkI-fPu5GXm4pouyz98MnO-vZNXxZdi5_WIkvGKxxHIWS9lGBc.61N-Kfaeq7IRu26tXyghHzm_Gbv.ZQfPiVwSUD_1WpJnBUFEmH-6JHo5ROiBccgZN'
DIRENT,45,14572,74,236,225,'LONGNAME_60_AFtMiw6CrEDKIcuiI40AmeU_mXqbxz.llxO1_anxnqSoXeVC1Ygy.6FCaJzb1UrvKHBuwSp8WNXUD.nG0CS92OxhzcpOaaTHODH5sqJlXXoB.KVj.JF86lSepyD9LxBC-BSrE.RoShMYoAPm50ZbBOWOxGOnZjeAutEzSZEY44TIb8Qxrot3Amc8ifdH577CkRvvf_Qt4TSgPPik8WNRg'
DIRENT,45,14808,85,552,225,'LONGNAME_71_0AnM36vbLT6Zwcj4nxNECRe1OphvnNmxipM-_p9j.TADNvNotMnqI2qjMNbUsbchr1KRlQZe_21kxbOPifH-45T1_-JEo--CwWfFwijoEvlcjvhfPjrGlZzH0bL5k63.A92DYq3tD_PIIjjIL-X_UYNUsTB7HrYRdEVFgB6XTmAV866p9MzhAQMqypy_rLfY8scYtv8QDJHX4sz1vX1-X'
INDIRECT,45,1,14,870,714
DIRENT,45,15360,84,236,225,'LONGNAME_70_MywFzHF474n2NHC-m_0RjOl1_3NVKbB7DhVri5XxhK4d7zVf4_TrZxSYWkO8JFWeAyXga5C_D.FKVQ1OunqtI5qP-KxmMVvN4BmTbesQMwHQ-Q3NA6D55Dcge2lBG4QgNWPvjTBuo_ScYl.DC9ASCfZZTOdw28VPQXeFIJVOZL_FdNYghnVd0czckzIpISCo-PEJAfmO-5d54ZRZGlOwO'
DIRENT,45,15596,75,236,225,'LONGNAME_61_8Hs2WuCf61hZXB.HdglQr3wk8qu1Fuk2LZq8pXdslt.yRf0ravKI7Tty69aMd1oP7VTfXdeTh-mgR3qD4avJX12duj3HAO03.MHXDt8QpJOcj6kEU5VjRjjVm.nrXIHQB-EXcN0I1xzduhUmhyfAFwFGN5L4SxLTxf5U0m78cB5X.4kssgK4gOOuCky1fbC_n1Bd.dcQH6gGlp_dmnghy'
DIRENT,45,15832,98,552,225,'LONGNAME_85_xSHRabRyztp8zNd0ebEctix_48V6lPBd6e1lp7Hnv.ZxyWXLmJgkbU1Yz9WtZjaRR-QWfuDrDoYRb7X-i9ElSzhpYGFQQCuOR0k5MovQp22bnICzuv_rQT5P2ptz_bi5aNYsslDd5V5z0VsIwd5d1MP4e0kW97jCwLxiUUFSg8TnQtn-z-aNhnviPKYqojiMJH0S9.-lIhMXWT0z1j5XJ'
INDIRECT,45,1,15,870,715
DIRENT,45,16384,61,236,225,'LONGNAME_47_oD.enSFY8GOUUkcN8E0XE5VSYFJF2ByUsFskNwg10E0K3zZIWYeJ0_Gb4z3nYuAknl_zkXw97rps6hZwl9sy.wTiw9WxfcFYC8DV2EragHGr-B35J5xPpeD0WRMVRZiYfBnFE5ZwPnjTeUoqNPbgEMeuWGgFOArF_XURSytwWZbTXIMgxPyO5Zr_2dxxRYhonLx0k5nQbWw2JvcJBbli3'
DIRENT,45,16620,83,788,225,'LONGNAME_69_CXtZ3B_WkcySAEzamGFa6RtUHp8oEWpyA87lPX9hHU3UakwwiWKq5Mypf8ggnB1qC5sq3hcSgDUEgGaVh_9g3N4hhxeGVSBBMtk_YqxvoU0SgQ85-xL_ThUr2ffzbrHxlJ3LeXEE4OkGzUslDBnDr6qnVTnwqG5vFIQyXosMbEQEO1vCVaKKJ0Z6SpwN2dalO-g.Je33UqZbTpa7gFAZT'
INDIRECT,45,1,16,870,716
DIRENT,45,17408,54,236,225,'LONGNAME_40_5Qi67rrN4ro72gcXzIeoADIVQTh5yzgrM8j992RGBv.ucOmGMctB6smkj26WIIdt0lJL0LcuYfDEqGYo.XOl9PJyicvCB_uC5dYWHoZ3pTCmEKj0-kp1Fqtt9lcVX._ns0taCKGrki4rZ-ismB_AbgbfOEYqPAmISTZpz.ZRqJS6QiYqlYPLuIRRub4eoainDe.-M-Zt7i5yoIQ-A83b5'
DIRENT,45,17644,96,788,225,'LONGNAME_82_LxT8X6Rdocp4Iti-0GCk7ASsjtCmwHx0aOlr9CPUsB0pyO9MQb_BoBeWfCXtKHsmicgdTd0OsUqC9L6U1bFV3zr_ybR4YyRkIRMBU6.UWOt.HqQHUIIvxuSk3Aoo8PEadVi2lL5QnIbdab_PvZ2MTYjdyzm4Si4YqB40pOjrviO0786W9BBk8SwNIUM2BBJ-EAC8.tCnq6fDgNfJEic2r'
INDIRECT,45,1,17,870,717
DIRENT,45,18432,89,236,225,'LONGNAME_75_b9j_sh4T.NF2FLLgWjxt1uWgVLoZgiHhRPBUigDfHK8XhnlPY8w1NKZSz9HW07nyCyhd1Olhkc41-bqtaL_I.-po-EcxQt_wQ3rFv6v-tx7JxtA1ara2Q5.rw7O1dM-E0EoYn4SL5IWRXjnGOGmOyD3g8JICTaV3k9Rdew5vACbLGeMl5u_FTzaiL5k1nqcMYUa5K8tSZei1Xp153q5tS'
DIRENT,45,18668,80,236,225,'LONGNAME_66_TCSIB7m3UK6oo6Syf-Bgr._jw4x7Pz0c9fdv0XhsMGQD21bXX34c9X.WZnrqPjKgIboB9Sj4XlTRj9fhOq1yRs_RXfthRNcja4DMr-jUCJbJhCW_rxSI_bbbUn2DQ4mExEoM8iYaR8PrrZptRTy.P9hWLB08-yBfv494nFquO17R05bP0jOh8uw7uSDGMCxfou-CKdDYtg-0bYJ5vvQmr'
DIRENT,45,18904,93,236,225,'LONGNAME_79_P.UudT_FHl8RSHqyu48JAqtlmqnR0HSgvrAqB-WpMe1W_mGC4uthj0slBt7Su-pOkzqlf4lav-6uIUz5pvDQbR-_sf2ZDM6Y1Rig_A_dddcbCt9-ylIRa8dT.jYO3Cg9Nla16421OjTve2.tjNiyWsQ2uuzNSMoJ4qiWrK0wrVk5vS0ixr_a-jrmWrWccrZiyW26gaiZpi8U2jCQeg-T4'
DIRENT,45,19140,97,316,7,'LINK_85'
INDIRECT,45,1,18,870,718
DIRENT,45,19456,73,236,225,'LONGNAME_59_vHf5l.y9mqUU90bOSwCRvkxAyWB4okgobX-jDHsG7djk4Fp7.ETehSVZf06KN_2TjMCzFBkxDcy2_dV3NHanNrw2-IIW2xk-9yRtN0sr.V8wbOJ-wTgqQWk1nZlELQQpBxWVNRUZWEJcZzzQARPvhI6ZYSA9cAU1FZaQsO.s0BkK1VZypoI6ddimnrUp3IA-h1jC8NGFWV3V_Jz1faSP6'
DIRENT,45,19692,91,236,225,'LONGNAME_77_cMHFBi85sNTa2bD7Rbx4JfEADOk7AevSrni9xh4HldKSOepx6kyXa6vhyV6NsI5lQ.LNiOqKgeUOeVuUFq6mWsVqG7m11RVcCwu94TntzVOp0E9wFH.1HlhmWFT9J3tHxxvKG117ze0TGfCxmH4ZRDUomPHHfmYMshT16n6B.g.5sFW0-jWzb3AKwk6HNs.C-lYUoInZqc2pSs0kNw4U3'
DIRENT,45,19928,94,236,225,'LONGNAME_80_J0PzJ7bdI-EEhfpC1F0gRn8plC_pvyI18f70vX8tP0dKCfqdz_WpLyUqRc3Ma9uo_V.OvR3Vqws8O14PSpyD2DnrOjSOfAzhXWVOF4ZPq43A4Bop5GovMQUgODNj_cZ1Ka7-dC3gkXqu_.iWOvwAZzhbL0.gVkpa_CsXIu0iDXor.Hv-oNDNqV92sXhR.vJmNmP8dCvohE_0MCnTV2St1'
DIRENT,45,20164,99,316,225,'LONGNAME_86_.0MCJOguEth0mZv-dWN7D1J_Ot8V6IOKBQEsY31x3AlHruz-y.UO86VxgnBbAbeF.UIjykfAp7xbLrdq142lsqdG9ilCBtTPyemnYHVcRWu2ROoO_dPNm0SpCXDQP-9IEfgEPhTKKkCiH7.dEsKF31SjQjqy8cOcp_09e8p97_HroDq_vbcaUxeSrwa1zvns-7o.e89VODAjBC211JQE_'
INDIRECT,45,1,19,870,719
DIRENT,45,20480,97,236,225,'LONGNAME_83_qqgF.DHCSCdg7JQB529f-6FdT2Le_PR6AcEf.I9Avlc21atpcM77XVBgvGj3Arlr8cytjHxO2fWM8tAc7x7bTsgaRCKj2Gw7gDoqLl9Z.Xg6CmYDj9AfJJm81yxrCaRzZCnmDH9P2ZNrc9pMLNmTntCW2ULreQi0NvyLWw70Y9e.6iGhdSnIMT2Sf.J7X1VkSdYkOELOP89pyRQ-r20.-'
DIRENT,45,20716,88,236,225,'LONGNAME_74_q85lkCxtQRLXWRcDkN2t.b4-pgmj22.DdWaa23G9icuG6rrHHtdeSFjsERuVJaIUWsEba_lzrV22LVylMj81f8F44BFPaf3GWXE_JSeWwTF5nuPGoXt.XCajcYuZRW_Q171f5EizTnFMiOYU0jD1.RpVJgYGz3CrBCyw690he8izSaDsJ9.DOtPPfjP88sTmTtLUvxC3uxAsuhrDktAvl'
DIRENT,45,20952,100,552,225,'LONGNAME_88_2cTAC2qNn39kDWmH6Z9F_R8PLPlmj8eKqMo5LlcTzv8LLmNrJ1D5dQ01eLEG3GD.Rj-pahrbQMzelWtzU3E8yD9LYCvF66GqZ8rz_M63ZiUOJHWD-7c0JGHe8pof4Pp3_E.FB0SzD5hFSBkZtppg2fRrfMGusKLtFMSgNyeWXAo0YCYXTmtZ01Letw-aHzCiPy.oMrVtYPszgZo-HQrVd'
INDIRECT,45,1,20,870,720
INODE,46,f,664,1000,1000,1,11/16/17 06:25:39,11/16/17 06:25:39,11/16/17 06:25:39,0,0,0,0,0,0,0,0,0,0,0,0,0,0,0,0,0
INODE,47,f,664,1000,1000,1,11/16/17 06:25:39,11/16/17 06:25:39,11/16/17 06:25:39,0,0,0,0,0,0,0,0,0,0,0,0,0,0,0,0,0
INODE,48,f,664,1000,1000,1,11/16/17 06:25:39,11/16/17 06:25:39,11/16/17 06:25:39,0,0,0,0,0,0,0,0,0,0,0,0,0,0,0,0,0
INODE,49,f,664,1000,1000,1,11/16/17 06:25:39,11/16/17 06:25:39,11/16/17 06:25:39,0,0,0,0,0,0,0,0,0,0,0,0,0,0,0,0,0
INODE,50,f,664,1000,1000,1,11/16/17 06:25:39,11/16/17 06:25:39,11/16/17 06:25:39,0,0,0,0,0,0,0,0,0,0,0,0,0,0,0,0,0
INODE,51,f,664,1000,1000,1,11/16/17 06:25:39,11/16/17 06:25:39,11/16/17 06:25:39,0,0,0,0,0,0,0,0,0,0,0,0,0,0,0,0,0
INODE,52,f,664,1000,1000,1,11/16/17 06:25:39,11/16/17 06:25:39,11/16/17 06:25:39,0,0,0,0,0,0,0,0,0,0,0,0,0,0,0,0,0
INODE,53,f,664,1000,1000,1,11/16/17 06:25:39,11/16/17 06:25:39,11/16/17 06:25:39,0,0,0,0,0,0,0,0,0,0,0,0,0,0,0,0,0
INODE,54,f,664,1000,1000,1,11/16/17 06:25:39,11/16/17 06:25:39,11/16/17 06:25:39,0,0,0,0,0,0,0,0,0,0,0,0,0,0,0,0,0
INODE,55,f,664,1000,1000,1,11/16/17 06:25:39,11/16/17 06:25:39,11/16/17 06:25:39,0,0,0,0,0,0,0,0,0,0,0,0,0,0,0,0,0
INODE,56,f,664,1000,1000,1,11/16/17 06:25:39,11/16/17 06:25:39,11/16/17 06:25:39,0,0,0,0,0,0,0,0,0,0,0,0,0,0,0,0,0
INODE,57,f,664,1000,1000,1,11/16/17 06:25:39,11/16/17 06:25:39,11/16/17 06:25:39,0,0,0,0,0,0,0,0,0,0,0,0,0,0,0,0,0
INODE,58,f,664,1000,1000,1,11/16/17 06:25:39,11/16/17 06:25:39,11/16/17 06:25:39,0,0,0,0,0,0,0,0,0,0,0,0,0,0,0,0,0
INODE,59,f,664,1000,1000,1,11/16/17 06:25:39,11/16/17 06:25:39,11/16/17 06:25:39,0,0,0,0,0,0,0,0,0,0,0,0,0,0,0,0,0
INODE,60,f,664,1000,1000,1,11/16/17 06:25:39,11/16/17 06:25:39,11/16/17 06:25:39,0,0,0,0,0,0,0,0,0,0,0,0,0,0,0,0,0
INODE,61,f,664,1000,1000,1,11/16/17 06:25:39,11/16/17 06:25:39,11/16/17 06:25:39,0,0,0,0,0,0,0,0,0,0,0,0,0,0,0,0,0
INODE,62,f,664,1000,1000,1,11/16/17 06:25:39,11/16/17 06:25:39,11/16/17 06:25:39,0,0,0,0,0,0,0,0,0,0,0,0,0,0,0,0,0
INODE,63,f,664,1000,1000,1,11/16/17 06:25:39,11/16/17 06:25:39,11/16/17 06:25:39,0,0,0,0,0,0,0,0,0,0,0,0,0,0,0,0,0
INODE,64,f,664,1000,1000,1,11/16/17 06:25:39,11/16/17 06:25:39,11/16/17 06:25:39,0,0,0,0,0,0,0,0,0,0,0,0,0,0,0,0,0
INODE,65,d,775,1000,1000,2,11/16/17 06:25:39,11/16/17 06:25:39,11/16/17 06:25:39,1024,2,720,0,0,0,0,0,0,0,0,0,0,0,0,0,0
DIRENT,65,0,65,12,1,'.'
DIRENT,65,12,28,12,2,'..'
DIRENT,65,24,70,16,7,'FILE_91'
DIRENT,65,40,71,16,7,'FILE_92'
DIRENT,65,56,101,16,7,'FILE_93'
DIRENT,65,72,102,952,15,'KWn&|}j@m2r3kl+'
INODE,66,f,664,1000,1000,1,11/16/17 06:25:39,11/16/17 06:25:39,11/16/17 06:25:39,0,0,0,0,0,0,0,0,0,0,0,0,0,0,0,0,0
INODE,67,f,664,1000,1000,1,11/16/17 06:25:39,11/16/17 06:25:39,11/16/17 06:25:39,0,0,0,0,0,0,0,0,0,0,0,0,0,0,0,0,0
INODE,68,f,664,1000,1000,1,11/16/17 06:25:39,11/16/17 06:25:39,11/16/17 06:25:39,0,0,0,0,0,0,0,0,0,0,0,0,0,0,0,0,0
INODE,69,f,664,1000,1000,1,11/16/17 06:25:39,11/16/17 06:25:39,11/16/17 06:25:39,0,0,0,0,0,0,0,0,0,0,0,0,0,0,0,0,0
INODE,70,f,664,1000,1000,1,11/16/17 06:25:39,11/16/17 06:25:39,11/16/17 06:25:39,7168,14,180,181,182,183,184,185,186,0,0,0,0,0,0,0,0
INODE,71,f,664,1000,1000,1,11/16/17 06:25:39,11/16/17 06:25:39,11/16/17 06:25:39,8192,16,187,188,189,190,191,192,193,194,0,0,0,0,0,0,0
INODE,72,f,664,1000,1000,1,11/16/17 06:25:39,11/16/17 06:25:39,11/16/17 06:25:39,0,0,0,0,0,0,0,0,0,0,0,0,0,0,0,0,0
INODE,73,f,664,1000,1000,1,11/16/17 06:25:39,11/16/17 06:25:39,11/16/17 06:25:39,0,0,0,0,0,0,0,0,0,0,0,0,0,0,0,0,0
INODE,74,f,664,1000,1000,1,11/16/17 06:25:39,11/16/17 06:25:39,11/16/17 06:25:39,0,0,0,0,0,0,0,0,0,0,0,0,0,0,0,0,0
INODE,75,f,664,1000,1000,1,11/16/17 06:25:39,11/16/17 06:25:39,11/16/17 06:25:39,0,0,0,0,0,0,0,0,0,0,0,0,0,0,0,0,0
INODE,76,f,664,1000,1000,1,11/16/17 06:25:39,11/16/17 06:25:39,11/16/17 06:25:39,0,0,0,0,0,0,0,0,0,0,0,0,0,0,0,0,0
INODE,77,f,664,1000,1000,1,11/16/17 06:25:39,11/16/17 06:25:39,11/16/17 06:25:39,0,0,0,0,0,0,0,0,0,0,0,0,0,0,0,0,0
INODE,78,f,664,1000,1000,1,11/16/17 06:25:39,11/16/17 06:25:39,11/16/17 06:25:39,0,0,0,0,0,0,0,0,0,0,0,0,0,0,0,0,0
INODE,79,f,664,1000,1000,1,11/16/17 06:25:39,11/16/17 06:25:39,11/16/17 06:25:39,0,0,0,0,0,0,0,0,0,0,0,0,0,0,0,0,0
INODE,80,f,664,1000,1000,1,11/16/17 06:25:39,11/16/17 06:25:39,11/16/17 06:25:39,0,0,0,0,0,0,0,0,0,0,0,0,0,0,0,0,0
INODE,81,f,664,1000,1000,1,11/16/17 06:25:39,11/16/17 06:25:39,11/16/17 06:25:39,0,0,0,0,0,0,0,0,0,0,0,0,0,0,0,0,0
INODE,82,f,664,1000,1000,1,11/16/17 06:25:39,11/16/17 06:25:39,11/16/17 06:25:39,0,0,0,0,0,0,0,0,0,0,0,0,0,0,0,0,0
INODE,83,f,664,1000,1000,1,11/16/17 06:25:39,11/16/17 06:25:39,11/16/17 06:25:39,0,0,0,0,0,0,0,0,0,0,0,0,0,0,0,0,0
INODE,84,f,664,1000,1000,1,11/16/17 06:25:39,11/16/17 06:25:39,11/16/17 06:25:39,0,0,0,0,0,0,0,0,0,0,0,0,0,0,0,0,0
INODE,85,f,664,1000,1000,1,11/16/17 06:25:39,11/16/17 06:25:39,11/16/17 06:25:39,0,0,0,0,0,0,0,0,0,0,0,0,0,0,0,0,0
INODE,86,f,664,1000,1000,1,11/16/17 06:25:39,11/16/17 06:25:39,11/16/17 06:25:39,0,0,0,0,0,0,0,0,0,0,0,0,0,0,0,0,0
INODE,87,f,664,1000,1000,1,11/16/17 06:25:39,11/16/17 06:25:39,11/16/17 06:25:39,0,0,0,0,0,0,0,0,0,0,0,0,0,0,0,0,0
INODE,88,f,664,1000,1000,1,11/16/17 06:25:39,11/16/17 06:25:39,11/16/17 06:25:39,0,0,0,0,0,0,0,0,0,0,0,0,0,0,0,0,0
INODE,89,f,664,1000,1000,1,11/16/17 06:25:39,11/16/17 06:25:39,11/16/17 06:25:39,0,0,0,0,0,0,0,0,0,0,0,0,0,0,0,0,0
INODE,90,f,664,1000,1000,1,11/16/17 06:25:39,11/16/17 06:25:39,11/16/17 06:25:39,0,0,0,0,0,0,0,0,0,0,0,0,0,0,0,0,0
INODE,91,f,664,1000,1000,1,11/16/17 06:25:39,11/16/17 06:25:39,11/16/17 06:25:39,0,0,0,0,0,0,0,0,0,0,0,0,0,0,0,0,0
INODE,92,f,664,1000,1000,1,11/16/17 06:25:39,11/16/17 06:25:39,11/16/17 06:25:39,0,0,0,0,0,0,0,0,0,0,0,0,0,0,0,0,0
INODE,93,f,664,1000,1000,1,11/16/17 06:25:39,11/16/17 06:25:39,11/16/17 06:25:39,0,0,0,0,0,0,0,0,0,0,0,0,0,0,0,0,0
INODE,94,f,664,1000,1000,1,11/16/17 06:25:39,11/16/17 06:25:39,11/16/17 06:25:39,0,0,0,0,0,0,0,0,0,0,0,0,0,0,0,0,0
INODE,95,f,664,1000,1000,1,11/16/17 06:25:39,11/16/17 06:25:39,11/16/17 06:25:39,0,0,0,0,0,0,0,0,0,0,0,0,0,0,0,0,0
INODE,96,f,664,1000,1000,1,11/16/17 06:25:39,11/16/17 06:25:39,11/16/17 06:25:39,0,0,0,0,0,0,0,0,0,0,0,0,0,0,0,0,0
INODE,97,f,664,1000,1000,2,11/16/17 06:25:39,11/16/17 06:25:39,11/16/17 06:25:39,0,0,0,0,0,0,0,0,0,0,0,0,0,0,0,0,0
INODE,98,f,664,1000,1000,1,11/16/17 06:25:39,11/16/17 06:25:39,11/16/17 06:25:39,0,0,0,0,0,0,0,0,0,0,0,0,0,0,0,0,0
INODE,99,f,664,1000,1000,2,11/16/17 06:25:39,11/16/17 06:25:39,11/16/17 06:25:39,0,0,0,0,0,0,0,0,0,0,0,0,0,0,0,0,0
INODE,100,f,664,1000,1000,1,11/16/17 06:25:39,11/16/17 06:25:39,11/16/17 06:25:39,0,0,0,0,0,0,0,0,0,0,0,0,0,0,0,0,0
INODE,101,f,664,1000,1000,1,11/16/17 06:25:39,11/16/17 06:25:39,11/16/17 06:25:39,0,0,0,0,0,0,0,0,0,0,0,0,0,0,0,0,0
INODE,102,f,664,1000,1000,1,11/16/17 06:25:39,11/16/17 06:25:39,11/16/17 06:25:39,67538944,18,0,0,0,0,0,0,0,0,0,0,0,0,873,852,849
INDIRECT,102,1,163,873,902
INDIRECT,102,2,268,852,876
INDIRECT,102,1,419,875,1017
INDIRECT,102,3,65804,849,851
INDIRECT,102,2,65804,850,852
INDIRECT,102,1,65955,851,877
INODE,103,d,775,1000,1000,6,11/16/17 06:25:40,11/16/17 06:25:40,11/16/17 06:25:39,1024,2,874,0,0,0,0,0,0,0,0,0,0,0,0,0,0
DIRENT,103,0,103,12,1,'.'
DIRENT,103,12,12,12,2,'..'
DIRENT,103,24,104,28,17,'D*xh2vdOEqiPtxrtA'
DIRENT,103,52,110,16,7,'DIR_153'
DIRENT,103,68,162,16,7,'DIR_157'
DIRENT,103,84,167,940,5,'69|Va'
INODE,104,d,775,1000,1000,2,11/16/17 06:25:39,11/16/17 06:25:39,11/16/17 06:25:39,21504,44,902,903,904,853,854,855,856,877,878,879,880,897,898,0,0
DIRENT,104,0,104,12,1,'.'
DIRENT,104,12,103,1012,2,'..'
DIRENT,104,1024,135,236,225,'LONGNAME_125_SNU3vtTcntY_DqtA.l2x9xXffQTvVdz6TS87rS77UsxIbIcXaXxk5JtGijrCPjVgA4WsVuOV6fY4NL165CwyKJDNPtg_aRtT8x9DPPIE2ROowbbGgdUoFecPG.t_Z_UjZ5UK0PX1_Xj41PweF4vsctqGP-ZePS23k98.LBlnn1cKvlF2tvZdBJyjpNBnl1kvtjR0oZdtDaHkMjjF2cy0'
DIRENT,104,1260,136,236,225,'LONGNAME_126_TqBRb0bq5NPw27pEwyyzwwxUVF21vp8NUsvIEiRvugAicii9UmC32uoBKfaBFHD240gB9aaC6DsFsGeC..eURgpJO_50KCJD1ghTx4CPoFMrGW_H0yx6FYD8MU2UMJrKq_NKmAKJ_PCVBcDZyyuiuvqG50XY0kW.S2VUrEwYIPSAqRDT_uQEB_zq_Pm709wjlQ8KC4NZECFxTJsuD10G'
DIRENT,104,1496,147,236,225,'LONGNAME_137_HdyTKK60wVB_9XuUoFTJAI24ALEvH3y7nOFrNhxtgGTAoXq2zRfKbdMmj73v7iPYo26LHnJlZVdBxWoXG.63PG1CAEgiUSUJ3B_2h7dvwQ4jjGfX7LhtX653ViHO_8X86oiPQg8hBCPYy_2ju9le9iEI41874ji4t9OzRUNeSa7C8njN5TB9I1Ui1GVK6eMJ4My8PQB43ETRzOy91F-l'
DIRENT,104,1732,155,316,225,'LONGNAME_145_7Ow6rwsa9FQMjlm_wR4yOyws2h.0bxS_Wz8.aGfgJ6c2H6QBYjRemiZT_kgesxxT84Me0e0_-16lZda3D89G-8kKJGfrlvFt.RePGQb_xzp5.zVAfEGMdDO6EjLBoBEll5-ux260TuVxOSh8lYkgbQBjVQw.X9R1lZZVKfBK384a3iHFsEXsJU8uwU0uJqwQCsgO5p2724aCxm.X2WuK'
DIRENT,104,2048,107,236,225,'LONGNAME_96_EyKOacrJaL6ywVU2hd8P2Ko1yU_WtKd7t3mNHBAc80MEZ6qSHftTOQ5t.sAaEgkBUGVZnbamHbTQ_lz53.6aq95SQ9O7wBFOfPOcBp378NKz4Er0kRYfkshnumBcUanKHWmBb1tuK7A5Vex7VCs9pqYOBJfgMCBmCDPBPUiLe.LiWswCgbNt6YYw0jfh-nPIFy-ntJD6GSkq68QNpo65Q'
DIRENT,104,2284,113,236,225,'LONGNAME_103_8HjgWUhaNdJwL6rTr_oGLvg8Oylm3rEs-qzvBaWUYJGy3LedjLQ_MACR-jra0vyVMkIt_SrMTToukvHn3-SoNlUkDd0S7XwN3jtimDfdRx.7QC7g6Vh7tM5dkx6ySOcf_wIBXm3pnZDkocZBsJndwdOOdzCEJYKsEC-T1D.OZswr9w7yBE_QBXP9WT5D6wt1YMyAL0PNib22-7H2MDiw'
DIRENT,104,2520,152,552,225,'LONGNAME_142_FTdPpJXziYFaorHHOnUbb1bHFio-EPFhZHoEeyj727p4vEEoWu4_Dvn-wf4xZWBauq5zJ04ahpBAeqUJSnUCWEhY8OioqQp0DGWFd68JnbvF5neFvTEgTCd1waNFcFB7gtoVDTDOQgGq4IcqMG97A6RhsIs_CYRxXZgObM_9D50bQA5iCUY8JOztEz28c1suYcQrDKRXWznkLZ7cDhAh'
DIRENT,104,3072,106,236,225,'LONGNAME_95_-wnLj5f4sLuAqc.jEgJ0R1nZguotE6p-X0MIu6eFiqW60uPvPN22AcQyAWk5rumwN6iEbBkhL2CyacAamA_Y6ReqolSGYARY01f0fHI1R8bo.jmneHe.titYe2pc.ISW_YbHa820rLHBAhBigqXmrTMP1H3csphbYg.DjjkQXiKlg2YxGFopmddi-G3k4FJfhXgj5Xy-I1.lWbyY02aik'
DIRENT,104,3308,125,788,225,'LONGNAME_115_r53KJ1AoOnCdces1pIrjRv4qNg1oZvAAp4A9JzacBSs8qnP_qy2r.1L.nrPKu5ACLKA9FJ4CCM4BZqQCCPrMrBxCHxJPF1VBaqk_jQ1lhzX9qLGXapvfwB953VkadyjIVIFSRBRZy0itNC1CU04YGzFJSENrbrJ11V8ms473nc4D3zuS4JDZo0nrTIT9YlxEagfwZeP1Csy_tQuNml4Q'
DIRENT,104,4096,109,236,225,'LONGNAME_98_H3njsVG_fd4lDeVAst6_97Bv1_tPSoRQ5Hxr9.AVBVKGaczf5HyttQQkZOt1SekZ2ZHHkdTvwgn9Vyb5rUgy.vGaU70ALig8ELxcE7cc_NwObkrIRpALY0Q_PG7cBj9XCpX.AZYTWtC27TSgfroLON7itkyQa-KJMjnqRXDX1a_HLA2Aju4-tyZo1L0usHccIOo_AHy30ZjdIIiF4Gn2l'
DIRENT,104,4332,115,236,225,'LONGNAME_105_o58fWa-KqnozXtCmlqX3eWwMoTVmdY_Mi.KP470Vp36GqmNOAKGDg5LxTo3OSxsy9SjrnhZO3geDSkilqI6dnR962MU.RxmefRKp-cVlGYQP8Zsgy3-N1-mIoIbBtyLfnuZJS4sYvXUNfjDD8G1N.mgiqx8rBiDj8vwpHl2qVQoYQpE9ULPVv7jfxAH6UVOZ792s0_RIlzwP27X42VF3'
DIRENT,104,4568,133,552,225,'LONGNAME_123_SM1XoSNPPoC4mvW1PpVelU6VMSjxXc88fnXWEItJ0zizmvChSfFz5BB9DRJX.Fh-qXvRmI88s4UvXpMyWZa7g7YsFBxWC-T1orNCyB2V_pvYNJDtIhbgeuksXQQe2Cr2nnHFnabDw8m_YxjndL-fTtk0D9.ki-Clll6jhTPQITRNcNgLVqDUYrRtEVHprNXIkpDKJgLPIyYFYO4qz9cS'
DIRENT,104,5120,114,236,225,'LONGNAME_104_dN-TI73QwaA.WJaP-vQxGT51TygPZA9h3ewz-gxjUT1qzND4I.TJr0rmrPzAMOgoZFgS-McsVyL.6SdM2tCcy.cPotS9SifKkJ5gJFXFmOKc8lRsjnZZqRLZdI1RmHL60wunaum0W25boTPI4Fm4EPnoUxFA7EDtFLHX7U3Xo-J1McXFDAgZj7LwUlBk7VuphvwzEr5z8qMrE_MRmmn6'
DIRENT,104,5356,112,16,8,'LINK_103'
DIRENT,104,5372,124,236,225,'LONGNAME_114_Q1.F6SC17ljJE8s_kMO1piqYR8rSZwoqo_igZZz0yai2K8DXUDxK9UI75Vta1qbRzHqrtlmW_0BTgkoj8UksTBQl2Hgy5dUaJzoGfYuSzDYBjjXS2W65AHlRjSe3qIQYDZoUddUXtKLznxPW-NkJbdEQCkRPm_HIUMZFp-gt6i8KZCgpJAd16WUz_Op29VL4uU9rq4_kVZ2ZR1AZ3zAr'
DIRENT,104,5608,129,536,225,'LONGNAME_119_mw3ZXoQ5uUYWFvdm70dvfdoH7YC2tfQfIURTwVe4bVUGBE_yBcD-5AIpQAJgDkgGMrUsT5jA6F4zsCo0EYmkE832tmu.EcLVYGIcfWlCa0f6ct1JkIYKW1TJFIyHhzaQSTljuFuSVaegfus4Y6EMbQhPWWvn1VcQpuy5LDOoqxv8axWSBf_nu3Ge9UTsf1bodJLmdqaLLlla6h3b-Wxi'
DIRENT,104,6380,128,236,225,'LONGNAME_118_0HNgR25ruZOmGVoCp7Br1ntCjc0BhZGLzyUaU_s62GGEaLWnX7E7dPncyljtG4zq42ka6oiGUyFQ059S-X4J9F6c1ansf3EZQxoCW8j7CxlJenfTC.25ueeTZTL_G1suYDyR54WSRd4RM6aPRaAYTi9ovefoMzDRiTqzbqR5n1sXTnaQ6p_7MRn40_8TJ9fgVYNxGB1rOgz11-jtS59I'
DIRENT,104,6616,153,552,225,'LONGNAME_143_Q7fOya36s73IjQMqe9rZSfmCZ3HqGCEVhQgfnUIm9neXPRL2hDIGhCKW_RpEFB9KL9zQ9O3LFHjyn_iVm6cCF3j1Vo5LFGBbOg0kFeabmoOlFu9GtthZJVT.iK_ABH6D_CX.B1SFP2CCDcqkqFCxdYMv9.uyLzx13gYtboNoEP-IoCdNtnBgizBjFdiNYJbOiISUzGJgiutyDiEDunO8'
DIRENT,104,7404,144,236,225,'LONGNAME_134_AbE8YQ5c68rg1x.40mwJlFWVJi.3N18.VwsA3aBhedsP96XVod8l-hj-IJMadCDrgw-Y4UpJAYI4TmSklVrYnbs_ZCbaUErS8.WzzxKoSP8.rGpHNV0rJEfJYxr8-fdPFI.6qXOEOoDaEXjl7xX4N3TB3Y..q_Q0.EEc7t4EbzenpMxJVC2atPKx1pKh-Tv_ZZZRlnJpDhIovYm8Ln8l'
DIRENT,104,7640,158,552,225,'LONGNAME_149_1rj5hrDkV0ChhshDLfRpkG8pnftmOzXaUS2OwGt9FfE6drK9_fQBqZJHvyRQ7.pYxqKfo0FTqlad-pjhzTPhF.zPBC-xzkvq7QapQrjfsagbHkldUboo9TqQfgxmc9KLsAF7avYS8x-IdOq88zTJeouaN3al9CYIfnTMxApzq18j0kn-Pb9HiMJrxHMB6DRN9cUgVRxsmG7lGoY-PvnE'
DIRENT,104,8192,122,236,225,'LONGNAME_112_z1MwBzvLBrsvyDAmp80rOBwzoThHx2TynZMqTEHkPSShafngpld_kqEbGOriIoo7Mz6cCzwzscr5JVxM-gj3rYCx_wOMzz_2FNJdkk9rgzirVasTtyyB8QcK6-iWerJi9dyvpNc.QEpCLAu7scGAKToECAOcgl77GEtJrcVO93Ar1nIWglnBe8AFe5QyfRBdODKX0ymSoQ22XayAoGBi'
DIRENT,104,8428,111,788,225,'LONGNAME_100_g9-rUFjDv1j3cN1tzcI97yzhFtMVkjxEWWMQkNl8NVx5478w0b9goFssEMfd-dc8Q4ZzlhP23p2qQQH0WYBVoDpELtzxpdqXPzAc6XX3Kok66rnhtwF2onCVMyIj5m0GrW6UIjw7DYMFfsXGT_Cyu_Cyame7G.eWGEE7NnILXX9b4TUiD812i8CZ1G6bpKYR0dZIcxKR3SJWAnxK-Gwa'
DIRENT,104,9216,117,236,225,'LONGNAME_107_eSf2kn26HIRa90sKYXU7cyIIdpIQOYvqXdy6upxtYxCMEe6eoNPOPDdFSIjhQgudwtIP24YJLZji3mI4J9FQkrWLgkQSM_ueyrTbu2oDrnI1CcUzf.iuICLZv5U9qwywG-eujeGZhJMmn7r3_kZWvusKhnvivSkiaGUHrCf.BLBXPaT2FLost1taCZGW6xOTMmwEhRXYxppjHVwlA5Sh'
DIRENT,104,9452,134,236,225,'LONGNAME_124_SXpocenAXEu38IIZXNA3ZxmGGdmta4hCrahyimmzJs5_vVffd.pt6JK2trJnqgEmPM7spomDp8xC67tl5W5cNjh2IKPJuBdETRNs-RMnlVr748rqNRD_Lc-eOf2UUv3_8nd1p74u.RIGlmyduWu0obm9OPn9tOafzo9a88gUaJD_8Ldjy8UmnZoSAllC0nfRszIHHwKzUaGpB.4RIz7b'
DIRENT,104,9688,151,552,225,'LONGNAME_141_Chu-kJfdvA4PHXolh2Kso.5HHIawv4EMuZGieQ6kVmOU9P2aIUWN5Ir7jDRccj_FkKh4DS3rMDRLBasvmZFAZGHSMpsTsiSCi6SEvnjymTVSYze2Atw.tW5r.Ff8IE_SSEF4_oOiocYmf.5G-hD.-NpLICELI_BLVc_7Vp.hUd7h6YkxerVG4oOwE4hLy9R7AIX3WuY0vZfXtm.slYkG'
DIRENT,104,10240,132,236,225,'LONGNAME_122_H6K6vCHFYLbjtw9Iw6LQdjJfcqzR9w8i_GzS5zxCn8N1IdtDuQ_mt.AUIdLmKnGM.CeS4iY4SLZ-Bc4L9Cg7aQt8nMJvLOmxAR0dMgeM7IX1cMLRwFEx.1jjenbvH81DQn8TtNHb0O6mUyfhLYUCv6PGnaQ-ELn-k-_AC.HBrWkN9YHFJ_oX8ESY0s8SRXwKjOTB5TN9WSqjvNn7eSLV'
DIRENT,104,10476,126,236,225,'LONGNAME_116_BTAzoL6ltTh7goc-teV4uq4MZV4vf0WVdiU5-f_zeC89rRTBAxcW8fikHtBly8Pa2yLZOdi79Va0H2X4L2Sku3W-7euIP_7KdpXQ2ejmJuOkhfpDbg7539N.f6DkMBTNUezLmeCM7F4d5D6Xx84gs-Qj58NcLd.R7K60vNv94Oi1i54ZvXFfg7md1R-TiVa6WMicU33_rex6kkUAu0yf'
DIRENT,104,10712,149,552,225,'LONGNAME_139_nz53nxWhSSEjJ.dAwM-xfJwmHWZnT4.d8sUu_atqGbORB0Mj-buKZc4GEdJijJS_C3c.59gUd3xv6YCkkMzfgg-IR3sKSkIAy22FBy0IKYDtC-JZ7uiqyynEltvygsnfEwNA75wnF4IAPcuZTIDTQw3wY5Vf1onyfUdhWkUn.ehuI6pcrn46aZgoZ1T2Fh6KwnUuGXP-SWSKA0FWj09z'
DIRENT,104,11264,108,236,225,'LONGNAME_97_RJiogFROkT1rHtUeGV-jbfRgU1aRtqLFkUSwvc1NF-lUIEb9D-BZCcVuua25NwscXZ3ndrWurPQ1dc9SW1T3UKhbmcdWgxiIlvsFzekzVpuo.OuILvPXVRK_lI4VroPx5AUqiqQrk917SbxkTKyL0Y55WrPE-NsE9.NF25X3zSoqQ9uLo1MHB7ZYdxqQe33rCPP9z.mHTQaTi.jydGJN9'
DIRENT,104,11500,127,788,225,'LONGNAME_117_TdQ8gjpxBtFpblG.0iiUcBfhd-BrLBrl9S3f9bcn5uthPa.sO-wrDs9r09_op_IYozkDlzDLPiWbDzhf_Sxpo3_z-c03_EHd.vS6RMHacXldUw4o0BFEyU_Bex8J0mBgVqEXQXWZLlLySBCqqwyzeYywq9NwEPDNYuVCqekOYwSp1BwgwMr8PryWjMg_wvND4IYEhaBN0ga9a_buURCz'
DIRENT,104,12524,140,236,225,'LONGNAME_130_Y990ODSgLCJSxtujcF_sbIYA7cXao7v0qgay6eov1KbWImK1wFvX4PkTJOZnbPW5K.YeBDGuam7ChwHoqkZ_rNLhBD.8-uTVHR-1brhrGRmv4nxJuwjHWheHZulN1dJXKPgW3R910JO59U8MoFV1TNqa96bW.aj3LSLQnkMWvDUmpKnfLYYKeqi3buutDpJohpQTWgW4FSl9IbjQQyuo'
DIRENT,104,12760,146,236,225,'LONGNAME_136_KqJiw2UIy0HUkFYcDnoYa6b9ua8JSXlXrO-ZlggCemsmP4LkijgAkome2Q3ribbDbix4Lqb4p6IkKA2SCc2SkuxIsUu.O2XoJAFD-nIjZJTRfpe3RyjwY4qQph9APPzimWX_f99egd9ieOUobnZe7EkBXGaZT79ary__q5K.PiOV0rm5aGcMS-zP77yR.l-TAqFSbKxE.qt1FHoRagl1'
DIRENT,104,12996,154,316,225,'LONGNAME_144_B_4zY8xJIGtHv4Cy_BDD89NJZFKHalTv-F7_qv3v0s2CaN5GBgoOmgHeYT5vNPF2_Uy1P4SfWO7YzWOX7WAf.tFQ6PPOPmSGi5NTPz4425vCi.XJXf7LfO-sMberPazVfqGMCsG-GK4CbNXbgebRk9B_.wERfUWE2gw3Z-5Dn6.jjkW6Ga2mHkvFp.gt9kdkTA.cWw7JXRLDIXkDZS8a'
INDIRECT,104,1,12,898,900
DIRENT,104,13312,131,236,225,'LONGNAME_121_GwM7iIH2klolfo-FSIWmLPojaVdHUcpPB7bFCUHcbAA3MosrUyHRvhcuexcZwOrWTu2TwRwsF3R0oQZYuZj._YfZuJv_aGJQ3OIc0rHxrQp1cSXZufDvY.YhTlEgfXvJ_iR7OS.4K_RxGM109Fh-g17OXqHBRIp9q2tLPPvfEua5DfruHlHastyL5pc4hoq_MNDPLT3i2iP1PKB8ge8i'
DIRENT,104,13548,118,788,225,'LONGNAME_108_X3J9kv1qvB1lpQOyrzloetxJsPAF2.tFW4fkY3.yG.JiQLPIu1eVSv7n78.7F3LWO23R02IrjPRZN8LR46ivRAX6DjvAA_6u_5TU043rObwqOTnjb7mZS5OjEf1jZWuR4G-b1qgGEujUbEJZb04XG5aGsq9oL8IKwRmlPdpQp6VNK4IwXLSJSZHi8Bvy1bP5OppRj-aOKoD1EZSdY4NM'
INDIRECT,104,1,13,898,901
DIRENT,104,14336,130,472,225,'LONGNAME_120_NkzYxeja7j90HJlwJsXFNTKIkOOmfskQiLhnYTin823j5x8RA55BzAPQLFHpxV3JeZAEuAX0nsYU-_PYC_piu.X4mMsLi0u5U-ml6gV83yM6-9W76XI0n0E_6U-IbViAwnumAj31cexwg2A2L8eNzV_5M-GGOYp-zT_dwhq5hp9ejWNqu5quRp9HqCkc-i5n8kxlwKGoIdwYfYxK9aXY'
DIRENT,104,14808,142,236,225,'LONGNAME_132_qJRIg6rQeab_7MC_iHqb89R2h7_NsQHQY9o979eNdRERgGP72kmt9YQ8rqTZWoZZ.eyEB_16Ca5clA5d25sGmPzJ4H7-ZgHLd.Cbej8P9Mwn_qW6B-.e92qIh3EUFaopLN9URwprKf7IrY73TFNCQqfvSWyNuM2c8H2BpJLZab0gL.CsrbL1L_PO5aEF2nop3gWRCR7SHC7sDtRFAOZj'
DIRENT,104,15044,150,236,225,'LONGNAME_140_JVMChj7zfr5fajvQGL5jww36aknTtdKhJ84II1jWYZ87QjG0dhw4a1JCvVgjH7NpW-DBT.ObL3JgZARt0rM0jJXYgS_0RYUFnDmUPMJGNwXjzZb2-G6a13I9DdksEPsBjoUmmXZLlM5yhO22EGA7rw.o7LGaENehOtMdKNiUfXkX_OEdxFWhERGpFmch4tFSLPXQT2Bgd7TQMs7PN_F0'
DIRENT,104,15280,157,80,8,'LINK_149'
INDIRECT,104,1,14,898,906
DIRENT,104,15360,123,236,225,'LONGNAME_113_-oO4o46ulKD1oMm_CJfnOzCumOc5JqcH10-.dtdH2RDLBggWMxYKlfuzCDH8.vb-5UGM6w58Ps2SGQHCmG7S2GqxpzErYxasEQQoX8RgJmLWh4_KJcGOYF5uVRB71DrjWiIphSN0QDDv7p.QpfwqkvdnxGfNRcwycKgXA126v8rzd94HcJ73SltU3WpghqvmLCbu7Jvqei2grbwP-_oM'
DIRENT,104,15596,120,236,225,'LONGNAME_110_rCwkL5JDLsZoaFLpGlr3OHDt3pGIVndulKWEJaN6sGxVZNxT1U0_9Agb9LurX-PDd3iMbJQ801tAJ8_aRh0PMimreCkehW1uvqKJG968OSzV_J5ODaP1RvExLD.RH8PXXmJazlEMoOzA70BEMVTySchVDCLNNnRwx76Hdr6HRnwXcn8r8ghPfujXnM7MUUpfXh80q10I.Mcnel3ypysb'
DIRENT,104,15832,160,552,225,'LONGNAME_151_R1T-vj8TUgZbGDEV1_a.UYtI09DgC_YDQqdd3uOR7OSYa6kouRTdU8rkK2JzrtPwU.1gFLd8Yqnc08KEqFA6eld58zJYYx7e5tzYlrSs3eUL8i3960m9_K9w7ef2OnUiTvY0PLiHedX.7vgURlubuQU_vtFQHCSpQec4Ek0bWJ2W0JNNOoZbCmqSpHZu_D-GQdP-lyAqBLsd2IZ0eRv3'
INDIRECT,104,1,15,898,907
DIRENT,104,16620,139,236,225,'LONGNAME_129_aTKfos.k7X32aIzSsH7GCCIUebYyu_-XKEjtR7oS2VmEpBb9TCpbghsQUi4LsoC2Ez7Fhpv-RTowUAb4DqyLy24VoAqIZ8lJCjIyAijWTVlMPDSQjYIXG.RjqsK9KHSgnZ6EczLr0SkOdAjlPUJi6ub-DNeHtk6ViRW6GhE-_DWE6HIMipg2YdvL8f-QrcXpWl5OWgwdlugp-gdhYK4t'
DIRENT,104,16856,145,552,225,'LONGNAME_135_l-VUOpGrfYBYJirLAXvOCo-TeLJ.J-L2y4-K7UVNK1BmhVn-.jVeL8rpej8pdkQLihAAnec.1__6vG49bA8TE_W0gw8g1DfQ_Enz678jWh5Uxe9VySGfEw5Wk4hn-w0hdgOg1Z3mNGDgerGlZ1IJcp220g2AkOaH7LUlAb5MUV6G5aG9g2hYR328kkmEWxsAMTTJZdLT1a_1AicQahoa'
INDIRECT,104,1,16,898,908
DIRENT,104,17408,105,236,225,'LONGNAME_94_47SS7ZMxPjCBUMD-MEEgdpc-ZB77lrtgQlu6B91eNNP3j7kdIOOOklSfJcnbtmBNZDCJVA1.3sXVNb_Mya_8cNpORmDZL2DiYyKqsXxctLnu0VmN2bhEs8e_7YOXosTUBhM2mQ_zoNe_tNTnjbdbmUn8v4HGkaMgO_xxlyHsWiIcqoXMRVfRQNuaZYGUsRAN-CbNTR.dDIMxkgBXXo4W5'
DIRENT,104,17644,138,788,225,'LONGNAME_128_4Ux6dsAB9aWvR4wuR4Am5G3XTWAJrNqXQ5SKLqbilGGcyb7DwImbH3N1xUnMGix_KiLM53o-lvkce5DS0IC-J6x7t4aIR5.HkUX7Ca1yHEgIaLet4FBiJ5JFgFEA1pI501M53Eb6Mc0GnMzYt1XzVzmuMfn.LScY3Y7j-FsYtltiVws.TJ2gKgDHFkz4R9aqT1sdmkvnCLedoYYVGDb3'
INDIRECT,104,1,17,898,909
DIRENT,104,18432,148,236,225,'LONGNAME_138_suDrAG00n6._.6kV8U8a.RNevugjzigIXWAUJVBC3BcHN0CE6u472kxT5fXNj9riEqVrqqfIvaY4q9Xru4ZMreprnS45w09.vxwL1Hx4fXjhQttIwzgRDnxHusDX6OS-U1sTrq2.Ujq3bYr-6zmSMmHN-LSwMwmweaj6k4u67wJqQaDgUPWm0P7FwzQ1NFvn0JlA1ur3T7Gt8mHm3b.z'
DIRENT,104,18668,157,788,225,'LONGNAME_147_6pMeLkqcN_b6.h.olQwN2wnZhSIpnHqKAz78R2dz-tEbl6SzZngpuqwAYGhhdbEAJMEGknvv-pbOqqYLwd6pLka62H2uU8LCcHF8jNlx2IZiar6Mwf-ahHcPNs9s2iHImdJiuQo4yOA17rT45VAZYddEylDzEjlvhRYeOETsP8-kdJ6BfsHpJFCLXtvfzF7wMqo.IoXUZThIXxhvctN.'
INDIRECT,104,1,18,898,910
DIRENT,104,19456,116,236,225,'LONGNAME_106_DULltSH9eIGOy.kK3Wofdj9G0C49d2.l3Hwdr_dJ.U4mHXyM-sE8gB.iSK7D5kHBH-OXCjNdElOW-pKrIHv-2DMcJwMJxM2G.EgX.ouaaWPbSuwh0TCD49JN_ZYEISd.zUgsWqILodCjmbmZp2KJCUe7JFJg_gC8jZSLIab8NZP8w_cqE29V3zrhzKY0mTqv5WOYzKKTowg2zXj7M3D5'
DIRENT,104,19692,137,788,225,'LONGNAME_127_iV-Tkn.5mqXHxcIt7DQE9qODrfqZu3oxxzHqcnCfMcHM_KPcftZxsNrC8WzU1ZKI210Uk4qdwiCi0QJP0yaVp77JqIoDaV1ba.RplSmh5UBJtlzKnd4v0TXszEDpXDO_u5DmNzWSQT2chBFMOx1zg7SWS2c4BgepPjowyidjGUiEw4LKRTMU0t8CjtlS38qnMQMy216dPnXiqGvf6BIE'
INDIRECT,104,1,19,898,911
DIRENT,104,20716,156,236,225,'LONGNAME_146__ZFPNjIgre_ZC5y_1y3ljkwhtIZlakhYyNYFszzmXPxnxIQC9D8pHdUO2Apm2VRXwY7kNKw7FLQOvRvS8IYZXt3kBeKbmo0M-yg1ydnjDldc6JVKg6nlle781hw3WPG_HArBsj3k_AEVg_5Zg1sqn03d6grSxnCEMx_bQUrRdIz8IWm5jCPbdmYoaQxwcyEZK7N7wFRYq9J2FlwwnoBS'
DIRENT,104,20952,159,552,225,'LONGNAME_150_st9pmvwO4Hy-ktY_wMlp41otbaBtHW9bgcnmTjkAnuemyn3_dZxIPQx4HCKInvpjCM_4_b48CPwGy9p0ttURgsQYEbT2fdNIWjoQHCTixym-Gfq2WU3Rn8mET7EevojwjRAXRpieD4Tvr35D0nBu56Adp7Ag3p9CBHED6V0oIxffma5crqiQTFdp1ruEAUcJKZY19Ld9ZCCrXadHo7.z'
INDIRECT,104,1,20,898,912
INODE,105,f,664,1000,1000,1,11/16/17 06:25:39,11/16/17 06:25:39,11/16/17 06:25:39,0,0,0,0,0,0,0,0,0,0,0,0,0,0,0,0,0
INODE,106,f,664,1000,1000,1,11/16/17 06:25:39,11/16/17 06:25:39,11/16/17 06:25:39,0,0,0,0,0,0,0,0,0,0,0,0,0,0,0,0,0
INODE,107,f,664,1000,1000,1,11/16/17 06:25:39,11/16/17 06:25:39,11/16/17 06:25:39,0,0,0,0,0,0,0,0,0,0,0,0,0,0,0,0,0
INODE,108,f,664,1000,1000,1,11/16/17 06:25:39,11/16/17 06:25:39,11/16/17 06:25:39,0,0,0,0,0,0,0,0,0,0,0,0,0,0,0,0,0
INODE,109,f,664,1000,1000,1,11/16/17 06:25:39,11/16/17 06:25:39,11/16/17 06:25:39,0,0,0,0,0,0,0,0,0,0,0,0,0,0,0,0,0
INODE,110,d,775,1000,1000,2,11/16/17 06:25:40,11/16/17 06:25:40,11/16/17 06:25:39,1024,2,912,0,0,0,0,0,0,0,0,0,0,0,0,0,0
DIRENT,110,0,110,12,1,'.'
DIRENT,110,12,103,12,2,'..'
DIRENT,110,24,119,16,8,'FILE_154'
DIRENT,110,40,121,16,8,'FILE_155'
DIRENT,110,56,141,12,4,'1QWi'
DIRENT,110,68,161,956,8,'FILE_156'
INODE,111,f,664,1000,1000,1,11/16/17 06:25:39,11/16/17 06:25:39,11/16/17 06:25:39,0,0,0,0,0,0,0,0,0,0,0,0,0,0,0,0,0
INODE,112,f,664,1000,1000,1,11/16/17 06:25:39,11/16/17 06:25:39,11/16/17 06:25:39,0,0,0,0,0,0,0,0,0,0,0,0,0,0,0,0,0
INODE,113,f,664,1000,1000,1,11/16/17 06:25:39,11/16/17 06:25:39,11/16/17 06:25:39,0,0,0,0,0,0,0,0,0,0,0,0,0,0,0,0,0
INODE,114,f,664,1000,1000,1,11/16/17 06:25:39,11/16/17 06:25:39,11/16/17 06:25:39,0,0,0,0,0,0,0,0,0,0,0,0,0,0,0,0,0
INODE,115,f,664,1000,1000,1,11/16/17 06:25:39,11/16/17 06:25:39,11/16/17 06:25:39,0,0,0,0,0,0,0,0,0,0,0,0,0,0,0,0,0
INODE,116,f,664,1000,1000,1,11/16/17 06:25:39,11/16/17 06:25:39,11/16/17 06:25:39,0,0,0,0,0,0,0,0,0,0,0,0,0,0,0,0,0
INODE,117,f,664,1000,1000,1,11/16/17 06:25:39,11/16/17 06:25:39,11/16/17 06:25:39,0,0,0,0,0,0,0,0,0,0,0,0,0,0,0,0,0
INODE,118,f,664,1000,1000,1,11/16/17 06:25:39,11/16/17 06:25:39,11/16/17 06:25:39,0,0,0,0,0,0,0,0,0,0,0,0,0,0,0,0,0
INODE,119,f,664,1000,1000,1,11/16/17 06:25:39,11/16/17 06:25:39,11/16/17 06:25:39,6144,12,195,196,197,198,199,200,0,0,0,0,0,0,0,0,0
INODE,120,f,664,1000,1000,1,11/16/17 06:25:39,11/16/17 06:25:39,11/16/17 06:25:39,0,0,0,0,0,0,0,0,0,0,0,0,0,0,0,0,0
INODE,121,f,664,1000,1000,1,11/16/17 06:25:39,11/16/17 06:25:39,11/16/17 06:25:39,227328,4,0,0,0,0,0,0,0,0,0,0,0,0,657,0,0
INDIRECT,121,1,221,657,815
INODE,122,f,664,1000,1000,1,11/16/17 06:25:39,11/16/17 06:25:39,11/16/17 06:25:39,0,0,0,0,0,0,0,0,0,0,0,0,0,0,0,0,0
INODE,123,f,664,1000,1000,1,11/16/17 06:25:39,11/16/17 06:25:39,11/16/17 06:25:39,0,0,0,0,0,0,0,0,0,0,0,0,0,0,0,0,0
INODE,124,f,664,1000,1000,1,11/16/17 06:25:39,11/16/17 06:25:39,11/16/17 06:25:39,0,0,0,0,0,0,0,0,0,0,0,0,0,0,0,0,0
INODE,125,f,664,1000,1000,1,11/16/17 06:25:39,11/16/17 06:25:39,11/16/17 06:25:39,0,0,0,0,0,0,0,0,0,0,0,0,0,0,0,0,0
INODE,126,f,664,1000,1000,1,11/16/17 06:25:39,11/16/17 06:25:39,11/16/17 06:25:39,0,0,0,0,0,0,0,0,0,0,0,0,0,0,0,0,0
INODE,127,f,664,1000,1000,1,11/16/17 06:25:39,11/16/17 06:25:39,11/16/17 06:25:39,0,0,0,0,0,0,0,0,0,0,0,0,0,0,0,0,0
INODE,128,f,664,1000,1000,1,11/16/17 06:25:39,11/16/17 06:25:39,11/16/17 06:25:39,0,0,0,0,0,0,0,0,0,0,0,0,0,0,0,0,0
INODE,129,f,664,1000,1000,1,11/16/17 06:25:39,11/16/17 06:25:39,11/16/17 06:25:39,0,0,0,0,0,0,0,0,0,0,0,0,0,0,0,0,0
INODE,130,f,664,1000,1000,1,11/16/17 06:25:39,11/16/17 06:25:39,11/16/17 06:25:39,0,0,0,0,0,0,0,0,0,0,0,0,0,0,0,0,0
INODE,131,f,664,1000,1000,1,11/16/17 06:25:39,11/16/17 06:25:39,11/16/17 06:25:39,0,0,0,0,0,0,0,0,0,0,0,0,0,0,0,0,0
INODE,132,f,664,1000,1000,1,11/16/17 06:25:39,11/16/17 06:25:39,11/16/17 06:25:39,0,0,0,0,0,0,0,0,0,0,0,0,0,0,0,0,0
INODE,133,f,664,1000,1000,1,11/16/17 06:25:39,11/16/17 06:25:39,11/16/17 06:25:39,0,0,0,0,0,0,0,0,0,0,0,0,0,0,0,0,0
INODE,134,f,664,1000,1000,1,11/16/17 06:25:39,11/16/17 06:25:39,11/16/17 06:25:39,0,0,0,0,0,0,0,0,0,0,0,0,0,0,0,0,0
INODE,135,f,664,1000,1000,1,11/16/17 06:25:39,11/16/17 06:25:39,11/16/17 06:25:39,0,0,0,0,0,0,0,0,0,0,0,0,0,0,0,0,0
INODE,136,f,664,1000,1000,1,11/16/17 06:25:39,11/16/17 06:25:39,11/16/17 06:25:39,0,0,0,0,0,0,0,0,0,0,0,0,0,0,0,0,0
INODE,137,f,664,1000,1000,1,11/16/17 06:25:39,11/16/17 06:25:39,11/16/17 06:25:39,0,0,0,0,0,0,0,0,0,0,0,0,0,0,0,0,0
INODE,138,f,664,1000,1000,1,11/16/17 06:25:39,11/16/17 06:25:39,11/16/17 06:25:39,0,0,0,0,0,0,0,0,0,0,0,0,0,0,0,0,0
INODE,139,f,664,1000,1000,1,11/16/17 06:25:39,11/16/17 06:25:39,11/16/17 06:25:39,0,0,0,0,0,0,0,0,0,0,0,0,0,0,0,0,0
INODE,140,f,664,1000,1000,1,11/16/17 06:25:39,11/16/17 06:25:39,11/16/17 06:25:39,0,0,0,0,0,0,0,0,0,0,0,0,0,0,0,0,0
INODE,141,f,664,1000,1000,1,11/16/17 06:25:39,11/16/17 06:25:39,11/16/17 06:25:39,4096,8,201,202,203,204,0,0,0,0,0,0,0,0,0,0,0
INODE,142,f,664,1000,1000,1,11/16/17 06:25:39,11/16/17 06:25:39,11/16/17 06:25:39,0,0,0,0,0,0,0,0,0,0,0,0,0,0,0,0,0
INODE,144,f,664,1000,1000,1,11/16/17 06:25:39,11/16/17 06:25:39,11/16/17 06:25:39,0,0,0,0,0,0,0,0,0,0,0,0,0,0,0,0,0
INODE,145,f,664,1000,1000,1,11/16/17 06:25:39,11/16/17 06:25:39,11/16/17 06:25:39,0,0,0,0,0,0,0,0,0,0,0,0,0,0,0,0,0
INODE,146,f,664,1000,1000,1,11/16/17 06:25:39,11/16/17 06:25:39,11/16/17 06:25:39,0,0,0,0,0,0,0,0,0,0,0,0,0,0,0,0,0
INODE,147,f,664,1000,1000,1,11/16/17 06:25:39,11/16/17 06:25:39,11/16/17 06:25:39,0,0,0,0,0,0,0,0,0,0,0,0,0,0,0,0,0
INODE,148,f,664,1000,1000,1,11/16/17 06:25:39,11/16/17 06:25:39,11/16/17 06:25:39,0,0,0,0,0,0,0,0,0,0,0,0,0,0,0,0,0
INODE,149,f,664,1000,1000,1,11/16/17 06:25:39,11/16/17 06:25:39,11/16/17 06:25:39,0,0,0,0,0,0,0,0,0,0,0,0,0,0,0,0,0
INODE,150,f,664,1000,1000,1,11/16/17 06:25:39,11/16/17 06:25:39,11/16/17 06:25:39,0,0,0,0,0,0,0,0,0,0,0,0,0,0,0,0,0
INODE,151,f,664,1000,1000,1,11/16/17 06:25:39,11/16/17 06:25:39,11/16/17 06:25:39,0,0,0,0,0,0,0,0,0,0,0,0,0,0,0,0,0
INODE,152,f,664,1000,1000,1,11/16/17 06:25:39,11/16/17 06:25:39,11/16/17 06:25:39,0,0,0,0,0,0,0,0,0,0,0,0,0,0,0,0,0
INODE,153,f,664,1000,1000,1,11/16/17 06:25:39,11/16/17 06:25:39,11/16/17 06:25:39,0,0,0,0,0,0,0,0,0,0,0,0,0,0,0,0,0
INODE,154,f,664,1000,1000,1,11/16/17 06:25:39,11/16/17 06:25:39,11/16/17 06:25:39,0,0,0,0,0,0,0,0,0,0,0,0,0,0,0,0,0
INODE,155,f,664,1000,1000,1,11/16/17 06:25:39,11/16/17 06:25:39,11/16/17 06:25:39,0,0,0,0,0,0,0,0,0,0,0,0,0,0,0,0,0
INODE,156,f,664,1000,1000,1,11/16/17 06:25:39,11/16/17 06:25:39,11/16/17 06:25:39,0,0,0,0,0,0,0,0,0,0,0,0,0,0,0,0,0
INODE,157,f,664,1000,1000,2,11/16/17 06:25:39,11/16/17 06:25:39,11/16/17 06:25:39,0,0,0,0,0,0,0,0,0,0,0,0,0,0,0,0,0
INODE,158,f,664,1000,1000,1,11/16/17 06:25:39,11/16/17 06:25:39,11/16/17 06:25:39,0,0,0,0,0,0,0,0,0,0,0,0,0,0,0,0,0
INODE,159,f,664,1000,1000,1,11/16/17 06:25:39,11/16/17 06:25:39,11/16/17 06:25:39,0,0,0,0,0,0,0,0,0,0,0,0,0,0,0,0,0
INODE,160,f,664,1000,1000,1,11/16/17 06:25:39,11/16/17 06:25:39,11/16/17 06:25:39,0,0,0,0,0,0,0,0,0,0,0,0,0,0,0,0,0
INODE,161,f,664,1000,1000,1,11/16/17 06:25:40,11/16/17 06:25:40,11/16/17 06:25:40,0,0,0,0,0,0,0,0,0,0,0,0,0,0,0,0,0
INODE,162,d,775,1000,1000,2,11/16/17 06:25:40,11/16/17 06:25:40,11/16/17 06:25:40,1024,2,658,0,0,0,0,0,0,0,0,0,0,0,0,0,0
DIRENT,162,0,162,12,1,'.'
DIRENT,162,12,103,12,2,'..'
DIRENT,162,24,163,16,8,'FILE_158'
DIRENT,162,40,164,16,8,'FILE_159'
DIRENT,162,56,165,16,8,'FILE_160'
DIRENT,162,72,166,40,13,'wJ|WZ1vaP)r7-'
DIRENT,162,112,168,912,8,'FILE_162'
INODE,163,f,664,1000,1000,1,11/16/17 06:25:40,11/16/17 06:25:40,11/16/17 06:25:40,221184,4,0,0,0,0,0,0,0,0,0,0,0,0,813,0,0
INDIRECT,163,1,215,813,923
INODE,164,f,664,1000,1000,1,11/16/17 06:25:40,11/16/17 06:25:40,11/16/17 06:25:40,0,0,0,0,0,0,0,0,0,0,0,0,0,0,0,0,0
INODE,165,f,664,1000,1000,1,11/16/17 06:25:40,11/16/17 06:25:40,11/16/17 06:25:40,0,0,0,0,0,0,0,0,0,0,0,0,0,0,0,0,0
INODE,166,f,664,1000,1000,1,11/16/17 06:25:40,11/16/17 06:25:40,11/16/17 06:25:40,0,0,0,0,0,0,0,0,0,0,0,0,0,0,0,0,0
INODE,167,d,775,1000,1000,2,11/16/17 06:25:40,11/16/17 06:25:40,11/16/17 06:25:40,1024,2,659,0,0,0,0,0,0,0,0,0,0,0,0,0,0
DIRENT,167,0,167,12,1,'.'
DIRENT,167,12,103,12,2,'..'
DIRENT,167,24,169,16,8,'FILE_163'
DIRENT,167,40,170,28,17,'u1Gnk!q>cSChPC-JS'
DIRENT,167,68,171,16,8,'FILE_164'
DIRENT,167,84,172,20,10,'^@7qF]B).c'
DIRENT,167,104,173,16,8,'FILE_165'
DIRENT,167,120,174,904,8,'FILE_166'
INODE,168,f,664,1000,1000,1,11/16/17 06:25:40,11/16/17 06:25:40,11/16/17 06:25:40,0,0,0,0,0,0,0,0,0,0,0,0,0,0,0,0,0
INODE,169,f,664,1000,1000,1,11/16/17 06:25:40,11/16/17 06:25:40,11/16/17 06:25:40,0,0,0,0,0,0,0,0,0,0,0,0,0,0,0,0,0
INODE,170,f,664,1000,1000,1,11/16/17 06:25:40,11/16/17 06:25:40,11/16/17 06:25:40,0,0,0,0,0,0,0,0,0,0,0,0,0,0,0,0,0
INODE,171,f,664,1000,1000,1,11/16/17 06:25:40,11/16/17 06:25:40,11/16/17 06:25:40,2193,6,205,206,207,0,0,0,0,0,0,0,0,0,0,0,0
INODE,172,f,664,1000,1000,1,11/16/17 06:25:40,11/16/17 06:25:40,11/16/17 06:25:40,0,0,0,0,0,0,0,0,0,0,0,0,0,0,0,0,0
INODE,173,f,664,1000,1000,1,11/16/17 06:25:40,11/16/17 06:25:40,11/16/17 06:25:40,0,0,0,0,0,0,0,0,0,0,0,0,0,0,0,0,0
INODE,174,f,664,1000,1000,1,11/16/17 06:25:40,11/16/17 06:25:40,11/16/17 06:25:40,0,0,0,0,0,0,0,0,0,0,0,0,0,0,0,0,0
INODE,175,d,775,1000,1000,6,11/16/17 06:25:40,11/16/17 06:25:40,11/16/17 06:25:40,1024,2,660,0,0,0,0,0,0,0,0,0,0,0,0,0,0
DIRENT,175,0,175,12,1,'.'
DIRENT,175,12,12,12,2,'..'
DIRENT,175,24,176,16,7,'DIR_168'
DIRENT,175,40,182,16,7,'DIR_173'
DIRENT,175,56,189,16,7,'DIR_178'
DIRENT,175,72,230,952,7,'DIR_238'
INODE,176,d,775,1000,1000,2,11/16/17 06:25:40,11/16/17 06:25:40,11/16/17 06:25:40,1024,2,815,0,0,0,0,0,0,0,0,0,0,0,0,0,0
DIRENT,176,0,176,12,1,'.'
DIRENT,176,12,175,12,2,'..'
DIRENT,176,24,177,16,8,'FILE_169'
DIRENT,176,40,178,16,8,'FILE_170'
DIRENT,176,56,179,16,8,'vbT89*8P'
DIRENT,176,72,180,16,8,'FILE_171'
DIRENT,176,88,181,936,8,'FILE_172'
INODE,177,f,664,1000,1000,1,11/16/17 06:25:40,11/16/17 06:25:40,11/16/17 06:25:40,4096,8,208,209,210,211,0,0,0,0,0,0,0,0,0,0,0
INODE,178,f,664,1000,1000,1,11/16/17 06:25:40,11/16/17 06:25:40,11/16/17 06:25:40,4096,8,212,213,214,215,0,0,0,0,0,0,0,0,0,0,0
INODE,179,f,664,1000,1000,1,11/16/17 06:25:40,11/16/17 06:25:40,11/16/17 06:25:40,0,0,0,0,0,0,0,0,0,0,0,0,0,0,0,0,0
INODE,180,f,664,1000,1000,1,11/16/17 06:25:40,11/16/17 06:25:40,11/16/17 06:25:40,0,0,0,0,0,0,0,0,0,0,0,0,0,0,0,0,0
INODE,181,f,664,1000,1000,1,11/16/17 06:25:40,11/16/17 06:25:40,11/16/17 06:25:40,273408,4,0,0,0,0,0,0,0,0,0,0,0,0,816,0,0
INDIRECT,181,1,266,816,1004
INODE,182,d,775,1000,1000,2,11/16/17 06:25:40,11/16/17 06:25:40,11/16/17 06:25:40,1024,2,661,0,0,0,0,0,0,0,0,0,0,0,0,0,0
DIRENT,182,0,182,12,1,'.'
DIRENT,182,12,175,12,2,'..'
DIRENT,182,24,183,16,8,'FILE_174'
DIRENT,182,40,184,12,3,'B&m'
DIRENT,182,52,185,16,8,'FILE_175'
DIRENT,182,68,186,16,8,'FILE_176'
DIRENT,182,84,187,32,24,'FILE_Fyf5iVF01o7tIf-QQRt'
DIRENT,182,116,188,908,8,'FILE_177'
INODE,183,f,664,1000,1000,1,11/16/17 06:25:40,11/16/17 06:25:40,11/16/17 06:25:40,4096,8,216,217,218,219,0,0,0,0,0,0,0,0,0,0,0
INODE,184,f,664,1000,1000,1,11/16/17 06:25:40,11/16/17 06:25:40,11/16/17 06:25:40,0,0,0,0,0,0,0,0,0,0,0,0,0,0,0,0,0
INODE,185,f,664,1000,1000,1,11/16/17 06:25:40,11/16/17 06:25:40,11/16/17 06:25:40,0,0,0,0,0,0,0,0,0,0,0,0,0,0,0,0,0
INODE,186,f,664,1000,1000,1,11/16/17 06:25:40,11/16/17 06:25:40,11/16/17 06:25:40,0,0,0,0,0,0,0,0,0,0,0,0,0,0,0,0,0
INODE,187,f,664,1000,1000,1,11/16/17 06:25:40,11/16/17 06:25:40,11/16/17 06:25:40,3072,6,220,221,222,0,0,0,0,0,0,0,0,0,0,0,0
INODE,188,f,664,1000,1000,1,11/16/17 06:25:40,11/16/17 06:25:40,11/16/17 06:25:40,0,0,0,0,0,0,0,0,0,0,0,0,0,0,0,0,0
INODE,189,d,775,1000,1000,2,11/16/17 06:25:40,11/16/17 06:25:40,11/16/17 06:25:40,20480,42,662,663,664,809,810,811,812,921,923,924,925,926,927,0,0
DIRENT,189,0,189,12,1,'.'
DIRENT,189,12,175,1012,2,'..'
DIRENT,189,1024,191,236,225,'LONGNAME_179_RwjqUgo1xBN-GLCf0dimeRH2m51NZBhW7dek.ALs3utEqaHjbehyU6UqE99XgTeNnBLT5YscIseCkwegMKoWTThoqgz8RNZe1gTxYwZh0RinvDXJbcv5HeHeojvec98zn6qSSNKxPRUfaIxP6LA4LK5_B9_Fkz4tUOlJzL-Cf.n3dcYmxO2nUs4LruVMNgOffMFG_Jnz280_w0Z.5aks'
DIRENT,189,1260,200,236,225,'LONGNAME_189_I8As-vc7prR-LsNKPoePlygra118kHNiPAHbLlqcYkRFN0kMm2bTFdFvlaYGe3gt3GKx8n37Bm3BJu4arNT-1_MGUugoWcd9iEIwZrL4P0VYZ3CGDB7ODmzrimNS396JHNBdD.8y275Mf_-Jg5lkfiQFoavlAgisZ8iI9qIjSaZ2L-h40zkywLAD5jF4c_M9sr2uaYKGQGXxzeJ1JkOT'
DIRENT,189,1496,204,236,225,'LONGNAME_193_YUWnZ5xcIsR1UEyoHDSRgvdZEB3Eoex..wCXFRqNikTQOrI4YHqXlAegUz077AW2jahNhMz6SbOIaDDqpYiQ7AWggCFSGSXn6kZJzqfp7Zu2iEaKQCKBiaGbYF_EVXp5ZGwA7gccstP49Ap_47hW874uSpHe-x_LBLS8XfQY2Si2nL-qWbVcYw.nMEPs1gNAcDa193RUJipxFQIm5ZKb'
DIRENT,189,1732,240,316,225,'LONGNAME_229_ukodYtp8G._s6H7o73sT1q8aRkrcsI.hW.Yqk45RcTS2e4gtV_t6TC2k5OaMt014MAHb_pSigXuOD57mTzhKYnRhK3bdzqRqviVe_BaVY9GGYO5iOnTfhfgVP4khgdsaom_uS.82_Wf59bem4MA2yrKiurKK4YYuMUSvpb5jMXwj-nU0TmzPtPacgGlohzOwZZnMRb_AxV7KQwFZMhLR'
DIRENT,189,2048,190,236,225,'LONGNAME_178_Tq.4hV7SIPx2TIGhiJ8N0ROgangrwXLDCi5rfY4kiFAGnPfV5B4hcVWcpSjRPbZdhpYqINUaLvWsPqoCv_Xc5aaS-43-BdIMak26vKi945ouoRLSpTTJ.Zgri1PyT9th7Z.FaWyoFYMnziunFhV634tyLjI1c5O34G69h5PI2.MDUe2S3NE7X6MpaC_hZAHonJJ6anypiCRP22-dsCqp'
DIRENT,189,2284,201,236,225,'LONGNAME_190_zf1K8um2JvtZXl09214LPfnWRZGlgo9ItrnzrBgK_1LucnwQZufZt3koD4y4.T0x6rOlVYNhMkV4_3qrsIOzhQkBYmweYsl7OcOl02Zy.UcBWeWxjbOKcV4iy0x1KCUAG4aO2E7W.gxtCqNeXe2pTAnhaU8Qxqy1u7Jt-faIsRPx18N6NaUp1ZWq_G9zqABjlCXwoaqj37AwLFUrohZd'
DIRENT,189,2520,233,236,225,'LONGNAME_222_LYsbG-4vTS8fwu0EmeyhEqlAAvEbVIMqgaVF7wOJ.7caxA8lnHX5saemOHddrtxxGe.rumF_o8Wy3imL9aN_bHihDb8EV1acURnJYpzXlXSR4swQAdRubPIQCyl.DKUnoAKb3PszPERvnbRsBBn8Ws-2OQ_w4ECm1.i2jebtcsYWlfLXr9XdRcB8570ApYwbMRxqaFweQaoBFStr5rUG'
DIRENT,189,2756,242,316,225,'LONGNAME_231_UOUgaBASePLEciO.-3_3vR8FDoGbkRB_six-NBfE_Kqa4wIdrZHYfbnB0VBMXA-9PZm0jVyR.-L_G07W1CyWMDNdXtwsoHivfHmoHvs_NkFDBTdyp.eaAe2E1v_a9cxLnzWYuOZ6c_lsJiYbfBqCGEUYVHtSswDMCzjfVPWoyXNroLVqmh_w1tUzHEkOyGnNZBsy-Ij4tqw6g4SlkERH'
DIRENT,189,3072,194,236,225,'LONGNAME_182_EO7buLL94uULLV5E8Z8N6yyXOF7P45l4TZhaYd3uNcqhKsqFU7q6o4RHkb0rLiEOb33t08xodxtGbK9lU0.Fz5Yb1iNYLcQ146nW9vLk3t_pnLIbJjSq4rnRbKDZ527NKlyHEiX-XRvx2GfQ_ljoBokVKnk-O3HAthxKB8dNeI3dbwwtmuQn0xI_.z32QFdqyO_bktzJ6CqZZC5ACpPr'
DIRENT,189,3308,195,16,8,'LINK_185'
DIRENT,189,3324,216,772,225,'LONGNAME_205_4xbWZWQHoZ1HA2m8wYfYMXIHZUW4nGIPJ5bvJFm2HN7L.RfOOF23.EUBU9.6sceqClzZyDo7SMvQIZ6bVfQbT4lwXeu4vroYd4r8tvnQ6fEXYfiyDj--j-JwfFRmYbht01-_n6EYaxiGprGkgCKZE_VE2mbc8c5WD1hZEnco8ZSDnT9GFbv2C.MQp8DzxfCNyVCy-Nu8733u8FTKTlXB'
DIRENT,189,4096,196,236,225,'LONGNAME_185_9S7QLz_6Vug4Oz_6z35tyWeuTTM0aDkM-GTcbBuIieenbsyqA0aQHeyUWwTXnro5YBWr0AbZomQLRh0YZ6Y1tNyf8ZT_K30gKqFg_INNYNXubtYv1xxko8pJ6jw.xuddEEex2sEUO7eH8nG19H8PMT4m7ghDm.VHUaGr0U_H_dCFnOeD0ITtxL1iJ-CHy0ADTFC8gxjyigY1OqrarLzu'
DIRENT,189,4332,207,236,225,'LONGNAME_196_OQG9KE3Acfe.0nZtzCPHR3O4Kdz_GAIp6Ee5yv-oQ9mUl5bP9ZnodT6T_CRFRoXyYt6DIJwSGpwajDHHk4s4r21xPTVV3eH9fX2y65_FSTUBQNeX-yEkvm3TSmZ46mFVHm3n3F5ihs9QM3JBhOoaq5d0OP-7Q4Dn.5H3tmjRJhdGyzuvw46Rp9oJptCeCqMgDtKb9SLMj5fsvfUgDTy_'
DIRENT,189,4568,231,552,225,'LONGNAME_220_0PuXXX0X7MMopfSK5aTs.ZDXuqSSMss2f8T6z98M0COsjZ_GyBk2hSx2RPSNWHurL_x3ny0NpO6dl7DNq39J.PXs.Fb.lq2H1CymVn1uh92LEkJNFuk_QMhEYK7BQcQ4FLWz1OBAmZo_orBJpNLyPCD841VWzLFWwpLrzf_-0qVstM9JNWw6vbC71c1UQNbr5lut0BZC6CozhLcbk17N'
DIRENT,189,5120,195,236,225,'LONGNAME_183_ZnFTGg8OrQBF5_6yCft2hJ.547sFpTrLp6aVl3xksUhMSV3CQNUl0LLYmYJptoFdvo5xteEa1HGZbEBIZ9PPJtUVKO_4ByQbhtRx3cB85VzacI5A6xNLo.68wz5o5fRQmzznkvTYUZ2J3uDkozv2OFDYPoejcUMjcLP_OdL_zqCAYMbd4aim4S1MO919sTsD8RBucq2spi4X8mJEglpl'
DIRENT,189,5356,202,236,225,'LONGNAME_191_YlXJli0GphBlJ0AED5-Le-eELf3OKLjpq5bkJlfbiO6vhtx2ESnqYrpKCdb3jRV0qcYI.Ittbafu9d76Cduf5FFjuWQ7.Ksdwqi1ISf-2yhDTFMqmm-Y3QbMWv8CulXTt.7jkp-OdgP._a3JZFIQ9j5nUdM0KBhgsCFyKamAnGdis26aE6BoKNIkMm0eCQtATDjPi6lcjOSPDkoGE7eP'
DIRENT,189,5592,215,552,225,'LONGNAME_204_F-EjOIfAlaXyFU_bkYP9qmePFXjg2Pd.FqnL9aYuvGV-9fz9PkxNjYBfxET1_T0PvCFH.Ly3-v1OiWC5F7-ma8niv_fvqcxKL-j4ZfK_HipQJd.idoMcf65.UwHgOnlS4wq2oNEgMe2R8WL3Q3VqBqBAdRHBdjLz5wZ1JBkycSyfqAH.B_iRRCQUzO8zwOwuFsKz04QHCbycSqQN09zM'
DIRENT,189,6144,199,236,225,'LONGNAME_188_M.q.7DRzkgU0KQQMAZt7BcKtwUaLkyqcWrxWvlmWLUYpf1sU3YOOl4QPhxFYGkTUwbdDb14M9n8-w3lzDO2PzXGcWCuma.r7qCJvAkOWtXS9tEZ-wihvVDDEaJ2na5bZSj93cnqRnKq1_310vgUeqUdQIHTemWPfuhKEqMOD58QNPPAKw_J4Kdwk4Q5FXNhLYLWY5KgFFMnFZoitk1sd'
DIRENT,189,6380,225,236,225,'LONGNAME_214_9kefR-S5TjNMPCxKcPRIDcW22y_hTfD_NJlqK12-QEHth7RE3bP50Uof3aQcr4J5Is2.ravqQfTdybIym4J6UtpAvOXki3ewdjMWtJyQMBLNirQbE3YQobcT1rebkGSqL7GoSgG1G.FWMOy97I8Q6gs_gB59MZIgC4PXipvVl8iOppSf9hJs9skjaFGNmhrSYb2pYXl.4eUYQ.71QPjd'
DIRENT,189,6616,234,552,225,'LONGNAME_223_v0IzG6z4jODqqm2_norpF-jj3rKHUPObma7BSxdjeA1_WBhu0EDteA4tJVHhzQ7aO9gG_4-uhXx7qsUPw4JbJzCS9gi3HjVHNFfQGyAmBRXtosg0Zjz1Cc9FlXzVSZ2kiNm5lwRzbPdbrlftp0l71mvsdvbUdQeZHY0kiDKr2mi.atx01pVTwvg23CGr-rcn8ZHD-oQwwJYl_3nT7_4W'
DIRENT,189,7168,205,236,225,'LONGNAME_194_2YXP6thmfjZOfZnlTruuX5aBRPb25--0cWnyGqPkUHpAiOpiZkpidomF9l.eflsc6v.P4ZFFMERnV8EuHOjIteopjCkECfGfeCq1p1ucDzZH5KgoDlIghGmGCESq.cLe8SPYhWnw9pw-kH8nkJ2mIb75jWZ4wm5CO6aU7WT8FXoqJhv.f9.wHjUj7jYfOxGF0rZa_XAwU-y7eM2S8C_6'
DIRENT,189,7404,210,236,225,'LONGNAME_199_J401ktG7.1tf7Jtgn2nZPRtGK1piSCBCBXt4oWYU1aWVzeFfnu1FRxAcavuN0fgeTEC36yPbnwPxvGcd9BRJXqfEBhs9NRq-Eir2D3gZ0nY4_bq6-oHaOo4aGNy9uZhwX-ggSQMizpSYjoX.fvfJgwDWKholwvhnHbexX-2KNhgEAhDOGvPMgIwRJ61i3hrbxncxAuy8BykjsSmtNnWb'
DIRENT,189,7640,235,552,225,'LONGNAME_224_l51MOOT_-uU__ghfOb3ITW95LNnPuKJ.m.EZL5Y8.BKycMhu-EkkB3ornWCsngySnKzQz_f-d6XDRNmF8Srm_BPqx8lHdUjmXUNDhnp1mfKi5QImDJiFdnbwFF6J5-FlSQDPJF5BC4GLBFeGx.RHc3OTBdx1lYdZMSjzRrgvxiQXRhR5sB24DBONoYAfSsSRWMC2mWJWvirCIXirLNCb'
DIRENT,189,8192,203,236,225,'LONGNAME_192_Z6EADMPr-.8ipBbN-zD5uWi6r_UBZoprv._gJpQERW4nyW0TazwPxz8R8u4.ijfvBwbFOtUrhyEbeoWtzmtcWPr6pJ3pNVLb34HxzOKQ5fo-J9qwC275wdAHKcXC6F_ioFF7-3aMVO1D0UtAa-PG_gIl0oPbENLti8-R2_ljM4t_i.XlbS3f36ai3VPfg0KmwK2k6L6uwi8KBWEfs9Ov'
DIRENT,189,8428,213,788,225,'LONGNAME_202__6R9Q7vIwtCh48h5wKRnVarF9EwlYspE4BacUwo0f-Z0.4Hixs0xQ8uBUwJ38g.b8B3U2GyhqMI3cQLYRg_StBJJmEhp5sCY70rNfMG1u2V41HiTbta8Uku1NLPMDzSmIZjsgSy6j9pzz8UB7G4ha6T75VHTkFg4XoXzDf.wxiiPrHw7yEc30pW2QLpFVhqS3oP.3b.mivFl14nWH3D9'
DIRENT,189,9216,206,236,225,'LONGNAME_195_2u8vUzK-JOn7W-GNJ.joT3oEfV-cELlJTxK1waGO.atjK69F9Vn89WUfBroiW3ieNyzq4AnzcQByeys7Ma9pR2bl6TOmF_XGX8LODteEKLR1sFzlzF04ur46gMSr_mgZx3qOkKUE46J1w7JRMUK9rkpGx0Shgk5S3kWIPk4bCGX4O8958YxWWVjnbwG1MOW6jncI4VfGRn3hVF8CiqgA'
DIRENT,189,9452,208,788,225,'LONGNAME_197_5SfZcXK-RoiQ-k0ZxPOfFqMZ_Swwhq3KPi.ji3Vs6JD1aiCL1V-E0ubYypXoyU.zf4wxuw0U-b4jSOsDfucX2hAFao5ZfzgKqQp46.2x6l0MTGmTFKTRrNZhUhJMZWTTM7VyPCZlurvnrQZad1-wSwL4eRljL0nw-i7M3SXWA2qqwwyeUmpEbeaJwnbgSDeOhV6D0hPl6z8sznjY7Xik'
DIRENT,189,10240,209,236,225,'LONGNAME_198_8dsYC3mumTUnAukwQI37krniUD8ge_-eiD4-b5OI2rx6Lyh-CINaEYk2Q1WqWE-a-CoFeXqQEVCbF6Q3SLPFVg70Y6fzJIYR0iYBYfPEY7hF22icAlk2xDl10t1ir400MpGLcEmw_dia.ezyIQdC7uf2Rh-xgo0RjLWj7d6pJvxBZVy9f1bnKUO2GMhS.9r_ZxLycB2J8axi7I2an0X6'
DIRENT,189,10476,193,236,225,'LONGNAME_181_DeKAGHQSHaS8sh.YMzh6BHuQ0N-.0GRy49qM1IczmLTvnMc2HYqCyuP.QjJET-4A1M471xUDYSDgU4dCro6ODg5BSAJPnEMAh-hGAfxtPw98kjEt-yIx2pZDsGAmndPAxtUoIIOJ8hEenkYFPAEwHwic66PvHxQaxXQi2cXr9xGf5NWzmHkLTqddmaThrrSpwj95U_fcnp8rGBHf0hID'
DIRENT,189,10712,246,552,225,'LONGNAME_235_rLo65mCcVNslk9Pe6W_K4JPkH8nYAzinHUcDT4jN_nBfZ7upd_pe8Gcz_XsIdt8H-HYKZlH6B.zrUKcuYjmJSphh1M._-sQ5OA7a6XwV5YQDrYv8F6fRMbrJakRVzdjkmnc5i-cGsiF-kUkLA.fJPN-aXdulRU5k8y6V_A-f4u.lW3npgk11lH2BxkEyaYo2W4kHHFFmAKg9k_i.zVVq'
DIRENT,189,11264,217,236,225,'LONGNAME_206_RnbUv1EYC5lFkSrI9XPedVoZSjxVa0k_SorvEyNnmYoaEAyfnZQUNk--UiVN8D6_7H.uFtvaj2vc9Z-r7OpzRq6pMu_eqjg9mno-RNEx4voSPmFk-rOTUjF4xYi2UICzTF5cpd29cDg-BXNpWEiMm7lVwpw72.yIHhRs6FrpC2BmvaaYtIdYMH4_mLE0Vn_P-08Elrwg4znJEs0OyUv3'
DIRENT,189,11500,241,236,225,'LONGNAME_230_K3agSR1oaIQpvOtS1nxUGvIJg1tVWkGe5_imxI3wPJjOndPkkrj8xKHkKXPqP8hg9iUyU144WGBVOkumc87uAgrGCAd4jGtkXj0R3nMnk2tNd8qTOFMT_h4.IKt4Mv4WClj6y8ILEFtfQPgiDILbWlvVRcIDwOlV3t13-krhh_zqNgBI8mqB0kShHLr_MmULrAh.D-aPLn5JZIQ1sgxB'
DIRENT,189,11736,247,552,225,'LONGNAME_236_k.xNmap_kGyJ_K5LVqL6q8pA24sR.0jStgv0LuoBwftt_Ha11fnd.tquAscy1wr8v.xpixQn0rC.g-s5z0vLA.dXFKhK3v_hDEKPtkS_NOMYa32RyccSx0Zje5d5R8Vgjk_HduIqcomlI0wzz.j5KJgRQSj1gIWxEgsFh69chuIicevln-QubPEmBHk1fUlKXaAcA6dMq6l7bG94Jj4N'
DIRENT,189,12288,214,236,225,'LONGNAME_203_RoAVRV-_aCTqt7TSedXW1p2rxteGkYtdpdlHCw6KR1mmnz8u2dXkQJQUoeEX-sxQF.D8XiJQkep0X0TIdFB2Dfb-L14CQJ1G6RIbjyHbWcbELGwDNY-c.6qc6Dp67tcVOE2hZj3X_gnlEMjjQuWGDnHr9SWVgSoCy5qqwStea49jWH.Nk4.QxAWkxus7BBG55mEqy3UsLmYgakFtR.Qn'
DIRENT,189,12524,192,236,225,'LONGNAME_180_DVU_y43tKjYKGSpm_BtT28npbp4E3fbdyBH7f9HDv9TOaIqAwzMeChiqASa8lj1NuoyhLj9C4BpgSuA-xM0k4a0Fla1xzvVb1KLg.SW4ayGUCcuQTCj6o89G.AJrpQUltgdm79wprz6GzgpuIOLdEp2yrqyw2ziJJOifyxTe0XQ0CHStMiIkBkjxy0vRdxTzeCiG9rhCWiPbzGQl6Cv_'
DIRENT,189,12760,223,552,225,'LONGNAME_212_jso1YaQSko01NsmWgh7nPJSdCT2oPFHGTR2EAqgm3TaaOJphz-NpqdTmeEM1m.dz4D79qdC8Kf._q4lP0KHRFH8wmhylGsshMW__Sw8xCZTlrZ8plirUqBexOtn-uN-Of.Z661L3p2H06ltQ8yhfw8vAdieBDijuPEFOMm-bTJOyevE7rhiZ3l3hotbjcAQWLm03ZaG0181.-3glplNH'
INDIRECT,189,1,12,927,929
DIRENT,189,13312,198,236,225,'LONGNAME_187_RfyuyEa-QV6sm22p8TpFZgG1i-Pg1zoFeCq11BZaXJx7dtCo7kbOygq7fZIcnA0a15ANz9aCpMLxQDLBTAGj8HHuayM56opMTcTqWVGYLpANk0pXtbliqEWZjGQ1BoxanPNwzAphfy7QD-JMxn4DM2HI7LsSDNLx1NisHSez2whKdjGZt9JgIX32zWfGehvZvm3hi1LuE67I466yDWi2'
DIRENT,189,13548,221,12,3,'.Dc'
DIRENT,189,13560,211,236,225,'LONGNAME_200_WKlQviaAtGf-t0p7EvNlZJIEddfRCHN6f_T2sl54lo2D5rPDTtQMs6zh_ocDp5DvlkgHJloSpdJBYRTmQKwQ72bMp6xyNA60LZejBzMVCULcLOp_KsRzMohSPgN_.do4DojpdChXISiLWublWcjJ9ox9QMIdh95nekrIEf1AV4snMMiAVRvAVgWiuS2mIJr8pbrCU.n_12CuhhOif.T_'
DIRENT,189,13796,226,540,225,'LONGNAME_215_V5BpmEbb-oLflsdzgIU7746yW3Ak6N3Z5d0MeSeCAu1YMNz-8n1Kx_KEHdhdi1Q2u0UqAYN3Clog7yImK6oW4Gddv1jkSox20hrfQrYp0bdJcTJ_R_zr1CYjecLME-Ukvb7OKX44LKusowr7p85qxLt1Cek56xIo-wA2k8JLLqDr3rt8YqFMswtq_qjHLMXSlxmDn7wzVlH3I8x.-ot_'
INDIRECT,189,1,13,927,666
DIRENT,189,14336,222,236,225,'LONGNAME_211_6.b0uXWjkWca.4L-XP2gb2Vp.hb2CT3LHurXfKdAAS0I5p4KRHeE0ol.ivjPEe8Memk2NxlsnXvbKtgBv3ANmr6b4pdPgVdnkERYgv9_JMjRDG7dT54iBUQCBgj8gxUmjktX-36gpgmGHRbJrrsl9uUsmKYLAHcuPMECPmqX4G9aKr.SmYv9MRsCNsHF5SyGwTj14GAEMuVFt-wCg0IP'
DIRENT,189,14572,197,788,225,'LONGNAME_186_D6v5c131uSUBQ8__KBxQ.vtwOFdhAIVyVEKw7hCpLl025dts--lo2--b2pVeXKVKYPcNvwEGb4njN_P0GWDiV4sXerVYQckbbbIBqXLeJStq.7yObsAzUDHsGI1JvVPO_o7SE3HTYEjg5isF0_0c3gy1YI3qh0SfLCO8JAQc2z.mHEVPbK0QvUIn5FF6b2svk2K29AkszC6jImtt.f9p'
INDIRECT,189,1,14,927,667
DIRENT,189,15360,212,236,225,'LONGNAME_201_wTbog0_TCxpbo4Yjl3qq29x2DoM3RCMCSWR-CZ7SbmfEddYIzDKymWCy0ZrPuXSukIGk-Jo-kj8QvlNzTE9sitFWDR0jNLsAiwsEfNiliL2wR.frAzfFJR9EaI63P3qw9CtyLy-YaIG_MMe5bwjGXXW3SkLHf15Bsimcp4avqCY09oBNcqLHg0AZlGDDKDZH8LQMxrnxgc5e8UyQwCLt'
DIRENT,189,15596,218,236,225,'LONGNAME_207_o-7ulq1f2jgjBv4Tinvhc1anw1jZTEHWDEvQ2TNWS-vnfM1kloe3xzHPGoE8wB3.xPDzuaSOBbjrv5igVreIBgVBLwnoXrCM-E-5qFrIp8w.MJIyx-QTiCwqHuhJPbBuXvLl4CoxQCdNr-ZQEzZK_1-x.zOIoByS0mYXuQqVDEZIIgwtvhTCfyQof_mwzAGRaGUpWZBqGqn3E3CwQX2.'
DIRENT,189,15832,228,552,225,'LONGNAME_217_F9fVMOOmvKvIWApKT83SSxFC-R79WRcj2S0Z0J5eLgGLKfuLZuwv6-8ayZ.Hd2jbmRL2RRknAKCmG1w-.80N52gvQEJ.LoY8MIa9SKheBkobQ9buGEBTRvRzYF.7BMPlQk0Nrau9.5nn8bSfmBrpJxm_q3Q0BC4q7hzduAucgt5l6jExvmrIdQHCDvpeUnecQ8M3_sR47uBWP0doSA-7'
INDIRECT,189,1,15,927,668
DIRENT,189,16384,220,236,225,'LONGNAME_209_Ii1vlnK8lwR16MROejaG9zT-wxulvtYLLgaEGUwHW1l4EAZki_s1YOTzwGjb_zJQUM7Oa3s4dZJa97LX7ePmpKl9e4pkwwUXjF7vJmMsM09XZU0Rs9Vs4iTP1GM1XpQ0cW4CD_H9GXogargdmaf1sPbi5P1lvLiQlqUbUJ84h8cCK3yRH5MD_nRJCAgST1Ql91q-IUWXEvPkPThlHm4m'
DIRENT,189,16620,219,236,225,'LONGNAME_208_co.tQToP9SqAzsbF-_4IEWpe9EB45ObiYM1LDVgXr73SuSua.34cyhILSLHG9IzKdRsx1uHLg2wRepeVdaM_GtKMyVhruGaWKkaioxPIa-bp3mBfw3L2daC9gonvwzBFoogL5I.4l6kGGyt7W93ZUQ6cNchIu8a_dK_K8WZz1TlXsp_Eh2wcOi2weQ6Y_qpr4l-YDI2A0o9nUK-1yRq1'
DIRENT,189,16856,229,236,225,'LONGNAME_218_NhT9jQhhdZaaakzFA2tX.YsamhkMq_p-pnrBRB-JprqMtb.BIpstCPxT3FFsdg6rQ0ld8uK7Fkgb3ZMqJ1dvlRW7lc96W.V80IEvpq6bUEARZO6aCXgypUU9Cp-L.RUGizCPAlrxYhM9JyR4kuTwBLttBdimzuzxaiIZ_9KBm.3mjZm1S34Rtsey1TRsncEk0Nu77jd6V3N.M0PsgrYb'
DIRENT,189,17092,239,316,225,'LONGNAME_228_Bg9GZ14QlpDQlClQToQPSIrhOhg_tAJhlERNbMFeRRikA1bnBxeTOwrA8HE2LkW-5prboCmx0STOYdgANhbgapKLHYlUNLd-85ZvsyzYnUwpzYb8zWiaYv_j-_kc6dh7NN.NHDPCzu568f73Q8OacRA9-nuD3RR3HGlsGfRqOVtP6-Ap8be-rYGOih6Y2ORgRlZNMbwF2i87HKiK9TOa'
INDIRECT,189,1,16,927,669
DIRENT,189,17408,221,472,225,'LONGNAME_210_E.LPe0nvrHBOKOlWTKkQHQPeKinPZ6XVEZ2UJjnxK8wpv-2ZokgeiN_cNsM37leGL8UEKEeCCnucwGPqSIASOwOsPB4HGW4liWRAzulJxwPgzRz7T9i8XnY171eCayflNMKrCk0Z4UZgjc-7fII3OfOw4hVj25_-ZQCXNeqEDXtYGXnNFsPm._wc2hO_oS4RhtnaTrKVKa9b2IrkyPzC'
DIRENT,189,17880,236,552,225,'LONGNAME_225_-Q4QXYqSLaXQkWZmjlvA.MP_2fD4VK4LEL8.OqNMyG.XuDThRmP5DvzD3_3t4ZvJ8dVhO2LfLHH7.a_wPuTiPLjbcPQwhGLvYZ3cCRhJ7sjI5o_vFI6RpOLkiJabk.PEtZT3vhaqnmmE5des_06z3FAvmAgU5tZE84etkOkbYspntERBbDBIKX8h4AeGaep82KvA2D.mSlgR3LSqRaox'
INDIRECT,189,1,17,927,670
DIRENT,189,18432,227,236,225,'LONGNAME_216_LzPnTR1vUFTCUtyjCz8b4DzzZ0VA4B4CltEBof_kWZM.CAW8pqrvE5wsitRGLfLn6xvW6_O9CP3NAVbT4X8olJ.sYTmPL620B1TMsTdHQDpc.wcstbnAWBgLRMPVq3wG5vwy8A.9uCjYWMTQTnxs-UJu6.hmAAKlEa6dPM.EHNA6zXDpGUyQzHi4ClNGaEjq-u9U5Z93_2GvCxdhG3mC'
DIRENT,189,18668,238,236,225,'LONGNAME_227_X.YSPknWb1P80X_0g6iTusZ0PuuLPXLjwQKBKzreZHU9gYJtR9MFfm5Dyjv-ZavJNpLcAotVc2MD5V7neAXBpuzDvxE6Cle7xT1-2Oy.FOkhUucy-cnEjFkqZ7AuRCj7tWqc2O8BHq9Xr8Zh5kd00cbTQTPu6QhU3VMih_iqfLUELNlXCL59an3tCxNpqnwJJe0L7IqGulBhqELJ5nBm'
DIRENT,189,18904,243,236,225,'LONGNAME_232_e64dNqGI5YkTG9A-PUX5pcdMi_byFsrCwnHA-tRAgjT04m0T2cB-irLOEIZWY6SfY82UWjzImxfVEkgBo7FaqOXMxuEI5iLa0ZmxYRgV-s2UivTYETHQnw7LOOtCXamSK8eTHhde1FB_O_fAtIq_Wr.e43u8toBo1Z9fcu.0l7dnLjcZbAa7gWwVMgdq4qAXPwLkDLpILk3zvwzMa3VS'
DIRENT,189,19140,245,316,225,'LONGNAME_234_SFnAnvL539E5Uhuh0cFsv.u84Yapn-.NdWVN9gYevBWawpUoVvhTRCV3o1TYp5qZpfyN9HrQDSh7StBFPLTlGZKD8YhQJXDRvpdmnDmswgi2bh32c9hK3iZ5dlj0ZhWfW127loI_h_jZ4SPTxVU1x-_MOu98pF004EaNIMbk0X6G8aPxgaEfvm2HHRk2RhK4cfVXQO.gXncX_qADpY-7'
INDIRECT,189,1,18,927,671
DIRENT,189,19456,244,236,225,'LONGNAME_233_7zBM5DiCmib-5NK7E6insdVp33WFdX.HwYH1yJwqgcfTyd4U3NtXtTtk3HKzZIY1L2E29nfRvPwocdvEyZz.Vg22_R07GBN3oVE.t1X2Ef3s-nN0tnuKdvK4ci4Q9TBPFUsnaku3qgV_dFr_TH3r1irr6KLdWcaLYWlyvKPSdGa3Xo6QarRjvQiS8JxeeB5dYbcqiA2JNk-GRKiB3hQP'
DIRENT,189,19692,224,788,225,'LONGNAME_213_3GUu0.kLVdgGyH98O.Guj9o_CdYnw78CZiWFWdTEXzd7bi.E4MuZP.0aIjUNvVx1FfJshmv-oSMxU_siHqGJScp_-2CrZri7G0JByaACmYdWWOkze0lhBai_YUJEuFqhEw_9jKEqguD05Ng7EHBYBa2TZJ7yhXTl5QCWOpMW_b17us1N28Yptkg.DF_MysvoKCqB2xOT30Wk_ZMWvF-Z'
INDIRECT,189,1,19,927,672
INODE,190,f,664,1000,1000,1,11/16/17 06:25:40,11/16/17 06:25:40,11/16/17 06:25:40,0,0,0,0,0,0,0,0,0,0,0,0,0,0,0,0,0
INODE,191,f,664,1000,1000,1,11/16/17 06:25:40,11/16/17 06:25:40,11/16/17 06:25:40,0,0,0,0,0,0,0,0,0,0,0,0,0,0,0,0,0
INODE,192,f,664,1000,1000,1,11/16/17 06:25:40,11/16/17 06:25:40,11/16/17 06:25:40,0,0,0,0,0,0,0,0,0,0,0,0,0,0,0,0,0
INODE,193,f,664,1000,1000,1,11/16/17 06:25:40,11/16/17 06:25:40,11/16/17 06:25:40,0,0,0,0,0,0,0,0,0,0,0,0,0,0,0,0,0
INODE,194,f,664,1000,1000,1,11/16/17 06:25:40,11/16/17 06:25:40,11/16/17 06:25:40,0,0,0,0,0,0,0,0,0,0,0,0,0,0,0,0,0
INODE,195,f,664,1000,1000,2,11/16/17 06:25:40,11/16/17 06:25:40,11/16/17 06:25:40,0,0,0,0,0,0,0,0,0,0,0,0,0,0,0,0,0
INODE,196,f,664,1000,1000,1,11/16/17 06:25:40,11/16/17 06:25:40,11/16/17 06:25:40,0,0,0,0,0,0,0,0,0,0,0,0,0,0,0,0,0
INODE,197,f,664,1000,1000,1,11/16/17 06:25:40,11/16/17 06:25:40,11/16/17 06:25:40,0,0,0,0,0,0,0,0,0,0,0,0,0,0,0,0,0
INODE,198,f,664,1000,1000,1,11/16/17 06:25:40,11/16/17 06:25:40,11/16/17 06:25:40,0,0,0,0,0,0,0,0,0,0,0,0,0,0,0,0,0
INODE,199,f,664,1000,1000,1,11/16/17 06:25:40,11/16/17 06:25:40,11/16/17 06:25:40,0,0,0,0,0,0,0,0,0,0,0,0,0,0,0,0,0
INODE,200,f,664,1000,1000,1,11/16/17 06:25:40,11/16/17 06:25:40,11/16/17 06:25:40,0,0,0,0,0,0,0,0,0,0,0,0,0,0,0,0,0
INODE,201,f,664,1000,1000,1,11/16/17 06:25:40,11/16/17 06:25:40,11/16/17 06:25:40,0,0,0,0,0,0,0,0,0,0,0,0,0,0,0,0,0
INODE,202,f,664,1000,1000,1,11/16/17 06:25:40,11/16/17 06:25:40,11/16/17 06:25:40,0,0,0,0,0,0,0,0,0,0,0,0,0,0,0,0,0
INODE,203,f,664,1000,1000,1,11/16/17 06:25:40,11/16/17 06:25:40,11/16/17 06:25:40,0,0,0,0,0,0,0,0,0,0,0,0,0,0,0,0,0
INODE,204,f,664,1000,1000,1,11/16/17 06:25:40,11/16/17 06:25:40,11/16/17 06:25:40,0,0,0,0,0,0,0,0,0,0,0,0,0,0,0,0,0
INODE,205,f,664,1000,1000,1,11/16/17 06:25:40,11/16/17 06:25:40,11/16/17 06:25:40,0,0,0,0,0,0,0,0,0,0,0,0,0,0,0,0,0
INODE,206,f,664,1000,1000,1,11/16/17 06:25:40,11/16/17 06:25:40,11/16/17 06:25:40,0,0,0,0,0,0,0,0,0,0,0,0,0,0,0,0,0
INODE,207,f,664,1000,1000,1,11/16/17 06:25:40,11/16/17 06:25:40,11/16/17 06:25:40,0,0,0,0,0,0,0,0,0,0,0,0,0,0,0,0,0
INODE,208,f,664,1000,1000,1,11/16/17 06:25:40,11/16/17 06:25:40,11/16/17 06:25:40,0,0,0,0,0,0,0,0,0,0,0,0,0,0,0,0,0
INODE,209,f,664,1000,1000,1,11/16/17 06:25:40,11/16/17 06:25:40,11/16/17 06:25:40,0,0,0,0,0,0,0,0,0,0,0,0,0,0,0,0,0
INODE,210,f,664,1000,1000,1,11/16/17 06:25:40,11/16/17 06:25:40,11/16/17 06:25:40,0,0,0,0,0,0,0,0,0,0,0,0,0,0,0,0,0
INODE,211,f,664,1000,1000,1,11/16/17 06:25:40,11/16/17 06:25:40,11/16/17 06:25:40,0,0,0,0,0,0,0,0,0,0,0,0,0,0,0,0,0
INODE,212,f,664,1000,1000,1,11/16/17 06:25:40,11/16/17 06:25:40,11/16/17 06:25:40,0,0,0,0,0,0,0,0,0,0,0,0,0,0,0,0,0
INODE,213,f,664,1000,1000,1,11/16/17 06:25:40,11/16/17 06:25:40,11/16/17 06:25:40,0,0,0,0,0,0,0,0,0,0,0,0,0,0,0,0,0
INODE,214,f,664,1000,1000,1,11/16/17 06:25:40,11/16/17 06:25:40,11/16/17 06:25:40,0,0,0,0,0,0,0,0,0,0,0,0,0,0,0,0,0
INODE,215,f,664,1000,1000,1,11/16/17 06:25:40,11/16/17 06:25:40,11/16/17 06:25:40,0,0,0,0,0,0,0,0,0,0,0,0,0,0,0,0,0
INODE,216,f,664,1000,1000,1,11/16/17 06:25:40,11/16/17 06:25:40,11/16/17 06:25:40,0,0,0,0,0,0,0,0,0,0,0,0,0,0,0,0,0
INODE,217,f,664,1000,1000,1,11/16/17 06:25:40,11/16/17 06:25:40,11/16/17 06:25:40,0,0,0,0,0,0,0,0,0,0,0,0,0,0,0,0,0
INODE,218,f,664,1000,1000,1,11/16/17 06:25:40,11/16/17 06:25:40,11/16/17 06:25:40,0,0,0,0,0,0,0,0,0,0,0,0,0,0,0,0,0
INODE,219,f,664,1000,1000,1,11/16/17 06:25:40,11/16/17 06:25:40,11/16/17 06:25:40,0,0,0,0,0,0,0,0,0,0,0,0,0,0,0,0,0
INODE,220,f,664,1000,1000,1,11/16/17 06:25:40,11/16/17 06:25:40,11/16/17 06:25:40,0,0,0,0,0,0,0,0,0,0,0,0,0,0,0,0,0
INODE,221,f,664,1000,1000,2,11/16/17 06:25:40,11/16/17 06:25:40,11/16/17 06:25:40,0,0,0,0,0,0,0,0,0,0,0,0,0,0,0,0,0
INODE,222,f,664,1000,1000,1,11/16/17 06:25:40,11/16/17 06:25:40,11/16/17 06:25:40,0,0,0,0,0,0,0,0,0,0,0,0,0,0,0,0,0
INODE,223,f,664,1000,1000,1,11/16/17 06:25:40,11/16/17 06:25:40,11/16/17 06:25:40,0,0,0,0,0,0,0,0,0,0,0,0,0,0,0,0,0
INODE,224,f,664,1000,1000,1,11/16/17 06:25:40,11/16/17 06:25:40,11/16/17 06:25:40,0,0,0,0,0,0,0,0,0,0,0,0,0,0,0,0,0
INODE,225,f,664,1000,1000,1,11/16/17 06:25:40,11/16/17 06:25:40,11/16/17 06:25:40,0,0,0,0,0,0,0,0,0,0,0,0,0,0,0,0,0
INODE,226,f,664,1000,1000,1,11/16/17 06:25:40,11/16/17 06:25:40,11/16/17 06:25:40,0,0,0,0,0,0,0,0,0,0,0,0,0,0,0,0,0
INODE,227,f,664,1000,1000,1,11/16/17 06:25:40,11/16/17 06:25:40,11/16/17 06:25:40,0,0,0,0,0,0,0,0,0,0,0,0,0,0,0,0,0
INODE,228,f,664,1000,1000,1,11/16/17 06:25:40,11/16/17 06:25:40,11/16/17 06:25:40,0,0,0,0,0,0,0,0,0,0,0,0,0,0,0,0,0
INODE,229,f,664,1000,1000,1,11/16/17 06:25:40,11/16/17 06:25:40,11/16/17 06:25:40,0,0,0,0,0,0,0,0,0,0,0,0,0,0,0,0,0
INODE,230,d,775,1000,1000,2,11/16/17 06:25:40,11/16/17 06:25:40,11/16/17 06:25:40,1024,2,672,0,0,0,0,0,0,0,0,0,0,0,0,0,0
DIRENT,230,0,230,12,1,'.'
DIRENT,230,12,175,12,2,'..'
DIRENT,230,24,232,16,8,'FILE_239'
DIRENT,230,40,237,16,8,'FILE_240'
DIRENT,230,56,248,16,8,'FILE_241'
DIRENT,230,72,249,16,8,'x[CWp-h-'
DIRENT,230,88,250,936,8,'FILE_242'
INODE,231,f,664,1000,1000,1,11/16/17 06:25:40,11/16/17 06:25:40,11/16/17 06:25:40,0,0,0,0,0,0,0,0,0,0,0,0,0,0,0,0,0
INODE,232,f,664,1000,1000,1,11/16/17 06:25:40,11/16/17 06:25:40,11/16/17 06:25:40,4096,8,223,224,225,226,0,0,0,0,0,0,0,0,0,0,0
INODE,233,f,664,1000,1000,1,11/16/17 06:25:40,11/16/17 06:25:40,11/16/17 06:25:40,0,0,0,0,0,0,0,0,0,0,0,0,0,0,0,0,0
INODE,234,f,664,1000,1000,1,11/16/17 06:25:40,11/16/17 06:25:40,11/16/17 06:25:40,0,0,0,0,0,0,0,0,0,0,0,0,0,0,0,0,0
INODE,235,f,664,1000,1000,1,11/16/17 06:25:40,11/16/17 06:25:40,11/16/17 06:25:40,0,0,0,0,0,0,0,0,0,0,0,0,0,0,0,0,0
INODE,236,f,664,1000,1000,1,11/16/17 06:25:40,11/16/17 06:25:40,11/16/17 06:25:40,0,0,0,0,0,0,0,0,0,0,0,0,0,0,0,0,0
INODE,237,f,664,1000,1000,1,11/16/17 06:25:40,11/16/17 06:25:40,11/16/17 06:25:40,4096,8,227,228,229,230,0,0,0,0,0,0,0,0,0,0,0
INODE,238,f,664,1000,1000,1,11/16/17 06:25:40,11/16/17 06:25:40,11/16/17 06:25:40,0,0,0,0,0,0,0,0,0,0,0,0,0,0,0,0,0
INODE,239,f,664,1000,1000,1,11/16/17 06:25:40,11/16/17 06:25:40,11/16/17 06:25:40,0,0,0,0,0,0,0,0,0,0,0,0,0,0,0,0,0
INODE,240,f,664,1000,1000,1,11/16/17 06:25:40,11/16/17 06:25:40,11/16/17 06:25:40,0,0,0,0,0,0,0,0,0,0,0,0,0,0,0,0,0
INODE,241,f,664,1000,1000,1,11/16/17 06:25:40,11/16/17 06:25:40,11/16/17 06:25:40,0,0,0,0,0,0,0,0,0,0,0,0,0,0,0,0,0
INODE,242,f,664,1000,1000,1,11/16/17 06:25:40,11/16/17 06:25:40,11/16/17 06:25:40,0,0,0,0,0,0,0,0,0,0,0,0,0,0,0,0,0
INODE,243,f,664,1000,1000,1,11/16/17 06:25:40,11/16/17 06:25:40,11/16/17 06:25:40,0,0,0,0,0,0,0,0,0,0,0,0,0,0,0,0,0
INODE,244,f,664,1000,1000,1,11/16/17 06:25:40,11/16/17 06:25:40,11/16/17 06:25:40,0,0,0,0,0,0,0,0,0,0,0,0,0,0,0,0,0
INODE,245,f,664,1000,1000,1,11/16/17 06:25:40,11/16/17 06:25:40,11/16/17 06:25:40,0,0,0,0,0,0,0,0,0,0,0,0,0,0,0,0,0
INODE,246,f,664,1000,1000,1,11/16/17 06:25:40,11/16/17 06:25:40,11/16/17 06:25:40,0,0,0,0,0,0,0,0,0,0,0,0,0,0,0,0,0
INODE,247,f,664,1000,1000,1,11/16/17 06:25:40,11/16/17 06:25:40,11/16/17 06:25:40,0,0,0,0,0,0,0,0,0,0,0,0,0,0,0,0,0
INODE,248,f,664,1000,1000,1,11/16/17 06:25:40,11/16/17 06:25:40,11/16/17 06:25:40,0,0,0,0,0,0,0,0,0,0,0,0,0,0,0,0,0
INODE,249,f,664,1000,1000,1,11/16/17 06:25:40,11/16/17 06:25:40,11/16/17 06:25:40,0,0,0,0,0,0,0,0,0,0,0,0,0,0,0,0,0
INODE,250,f,664,1000,1000,1,11/16/17 06:25:40,11/16/17 06:25:40,11/16/17 06:25:40,0,0,0,0,0,0,0,0,0,0,0,0,0,0,0,0,0
